姓名,正文,时间
曹家老贼,"朱砂痣，一般是指红色细胞痣。是表皮、真皮内黑素细胞增多引起的皮肤表现。是一种良性肿瘤，但不排除恶性化的可能，尤其在受激的情况下。

一般分为三种

皮内朱砂痣：高出皮面的、圆顶或乳头样外观的或是有蒂的皮疹；

混合朱砂痣：略微高出皮面的多为混合痣；

交界朱砂痣：不高出皮面的是交界痣。白月光，是指月面向阳面反射的日光被观测的结果。实际上这是由于观测者视力不佳的缘故，月光，尤其是较亮的满月月光在人眼中更接近蓝色，从下面的研究可以看出，波长分布在470nm左右，这是蓝色的光谱。",2021-01-16 20:47
11766,"回复

星之冬

 魔鬼诞生了[蛆音娘_害怕]",2021-01-18 00:37
331,"回复

分离凝乳指尖

 认真科普的样子有点可怕",2021-02-01 19:24
250,"回复
共 132 条回复，

浪类哥浪

摘自《白月光与朱砂痣》酷狗评论区
主歌部分伴奏：《知足》五月天
歌曲1：29秒到1：48秒伴奏：《当你走了》吾尊的版本歌曲开头（这首歌讲道理就是汉化版的《come back to you》）
副歌部分：《说好了不见面》小贱＆《夕日坂》初音未来",2021-01-16 06:30
4307,"回复

十九分呗就

 老缝合怪了",2021-01-21 15:51
63,"回复

第五月天人格

 吾尊的似乎也是抄袭的徐真真的《当妮走了》（吾尊更狠，直接就该个标题就是他的歌了。但听说徐真真这歌也有直接抱人家外国谱的嫌疑[辣眼睛]）",2021-01-22 16:32
55,"回复
共 68 条回复，

墨巽

得不到的永远在骚动，人的回忆是自带美化滤镜的，没有人会比回忆中更好。",2021-01-09 20:14
4210,"回复

弥夏゛

 玫瑰的红也有恃无恐",2021-01-13 22:51
26,"回复

轻甄饭团酱_长期停更

 翻译：夕日坂真好听",2021-01-22 13:01
247,"回复
共 32 条回复，

北悲_

得到的是地上霜，得不到的都是白月光",2021-01-11 12:04
2914,"回复

小刘1840

 白月光是最终的理想，地上的霜是现实的纯粹，宁要现实的纯粹不要最终的“理想”，能活到自己的理想的有几人？",2021-01-14 18:03
169,"回复

奇妙能力哥欠

 抄袭的白月光，照在了大地上",2021-01-20 17:24
82,"回复
共 31 条回复，

账号已注销

张爱玲说的没错，“感情里的遗憾是在所难免的，每个人心里都有一个朱砂痣和一个白月光。和朱砂痣在一起心里总想着白月光”。出自〔红玫瑰与白玫瑰〕
我们时代的感情与当时不同，也复杂的很多，我希望文学是文学。仅以文学眼光看待。很烦穿插烂大街的矛盾定义和矫情评论。诚心希望大家有时间多看书，不要做无脑传梗人。不要玷污文学。不要个人情感过于浓厚。不要把网络歌曲下无益抖音文学发扬光大。",2021-01-10 01:52
4810,"回复

小刘1840

 其实想说就是不够爱，心里还有点花，真正爱到骨子里是一种担待和一种守候，一份责任。张爱玲说的是人本性而导致的情感和情绪，不否认，不批评。每个人的情感的价值观是不一样的，尊重就好。",2021-01-14 18:01
327,"回复

锤联邦教皇

 不知道是不是我记错了，我记得好像是这样的一个人遇到了红玫瑰和白玫瑰，跟红玫瑰在一起了，渐渐的白玫瑰变成了窗前的明月光，红玫瑰变成了墙上的蚊子血。跟白玫瑰在一起，渐渐的，白玫瑰变成了白饭粒，红玫瑰变成了心上的朱砂痣。
我个人感觉作者可能表达的是一种远香近臭的状态，1000个读者，1000个哈姆雷特也可能我这个读者就比较菜，没有办法理解作者的深意。",2021-01-18 11:45
226,"回复
共 48 条回复，

十有八韭

跟白月光在一起之后 又开始惦记别人的朱砂痣 （ ）与那曹贼无异[辣眼睛]",2021-01-11 11:08
1339,"回复

想当道士的猹

 嘘！！！说实话会挨骂！",2021-01-13 08:03
8,"回复

回不去了就请往前看

 幸甚至哉，歌以咏志
性渗至栽，割以永治
[doge][doge][doge][doge]",2021-01-18 10:01
46,"回复
共 19 条回复，

男人都丢脑后

和日语歌夕日坂伴奏一样",2021-01-12 18:00
2211,"回复

优司思

 音乐的抄袭貌似有着明确的规定的。没专业人士测谱测调实锤，。例如离人愁。。听了像是抄袭，但是别人刚刚好看在那个抄袭判定的边界了。所以到现在都没下架。。。也没被判定抄袭=-=最多你只能口头的说说抄袭。不能实锤。",2021-01-13 16:36
386,"回复

男人都丢脑后

 回复 @优司思 :是的，这就很，，阿巴阿巴",2021-01-13 16:57
69,"回复
共 83 条回复，

-游啊鱼-

夕日坂也太好听了吧！[打call]",2021-01-24 14:16
614,"回复

要芭菲乐奈

 正确的一击致命的一针见血的[doge]",2023-01-18 22:26
8,"回复

霜声子

 如果说你说的是白月光，我只能告诉你这就是抄袭的",2024-10-22 21:32
条回复，,"-VDG-

华语乐坛，我吐了，这五个月里面第几首了?
真就必须靠别人的曲子才能爆火
非常火大，喜欢的中文歌一个个都不是原创，为什么
华语乐坛那么多人，竟然还要考抄袭博眼球",2021-01-16 00:07
1631,"回复

银色之魂啊

 国内原创曲谱挺多的啊，不过我听那些歌感觉并没有很好听，也都不火小众的很。",2021-01-27 18:21
22,"回复

谨存

 就这还能算华语乐坛？dy哗众取宠而已[吃瓜]",2021-01-29 01:01
87,"回复
共 37 条回复，

是夜喵子酱

白月光与朱砂痣= 知足+说好了再见面+爱的魔法+左眼皮跳跳+夕日坂
还能说什么呢？就就。。。音乐裁缝是真的厉[热词系列_害]",2021-01-17 20:33
426,"回复

栖影中的玛夏多

 还听出了勾指起誓的调子",2022-10-03 18:46
20,"回复

你老豆陌大依

 回复 @智光迷のfez :确实，我试过用白月光的伴奏唱勾指起誓，竟然完全贴上了[洛天依_吃包群众]",2023-02-09 10:40
9,"回复
共 6 条回复，

大树6666666

也许每一个男子全都有过这样的两个女人，至少两个。娶了红玫瑰，久而久之，红的变了墙上的一抹蚊子血，白的还是“床前明月光”；娶了白玫瑰，白的便是衣服上沾的一粒饭粘子，红的却是心口上一颗朱砂痣。",2021-01-11 15:17
1101,"回复

橘子汁p

 纯属贱的慌←_←",2021-01-13 14:01
352,"回复

Yedda0105

 得不到的总是最好的[微笑]",2021-01-14 12:54
32,"回复
共 33 条回复，

心事一半晴

不知小曲谁裁出？",2021-01-16 00:37
782,"回复

琉璃海洛

 花粥大籽宇袁杰[doge]",2021-01-31 17:30
112,"回复

Mr_傻煜

 歌曲潮流似剪刀[doge]",2021-03-13 11:25
24,"回复
共 6 条回复，


提桶的树先生

新一届音乐裁缝。大籽",2021-01-14 12:43
993,"回复

提桶的树先生

 金沙《爱的魔法》副歌部分
初音未来《昔日板》前奏",2021-01-14 12:44
28,"回复

园手的小迷弟

 摘自《白月光与朱砂痣》酷狗评论区
主歌部分伴奏：《知足》五月天
歌曲1：29秒到1：48秒伴奏：《当你走了》吾尊的版本歌曲开头（这首歌讲道理就是汉化版的《come back to you》）
副歌部分：《说好了不见面》小贱＆《夕日坂》初音未来[抠鼻][抠鼻]",2021-01-29 20:47
18,"回复
共 15 条回复，

夹心糖捏

网红歌曲是这样的，从其他歌曲中缝合出音调，大众听着舒服，轻快，加上抖音等短视频的推广，大火一阵，过几天就无了😅",2021-01-16 14:37
671,"回复

_Wxyu

 确实 好多在抖音人人唱的那种歌好多火一时就被爆抄袭了",2021-01-16 21:26
8,"回复

你微笑时好美丨_

 抄袭是一点不假，不过我觉得比那些直接填词还未经作者同意的强点[抠鼻]",2021-01-24 20:09
16,"回复
共 3 条回复，


叛逆の皮皮鲁

风雨的洗礼，我从不却步，拒绝黄，拒绝毒，拒绝黄赌毒[doge][doge][doge]",2021-01-11 17:45
458,"回复

眼睛里的郁金香__

 看到你这，突然想起一句话:我与赌毒不共戴天[歪嘴]",2021-01-13 13:54
28,"回复

烽火炎焱

 KTV老油条了。",2021-01-16 09:40
11,"回复
共 26 条回复，

汉斯不打烊

只有我觉得这首歌副歌部分像是勾指起誓里面的某一段旋律吗……",2021-01-15 14:32
418,"回复

糖雪球要戒奶茶

 不不不不，还有我！！！！立马想到勾指起誓",2021-01-15 16:42
8,"回复

汉斯不打烊

 回复 @糖雪球要戒奶茶 :兄弟哈工大的呀[doge]",2021-01-15 16:56
1,"回复
共 12 条回复，

你如星河朝露

Emmmm怎么说呢，个人看法，无意引战
这个歌词怎么这么像在现在强调感情忠贞专一年代下明晃晃的喜欢其他人呢？就你是朱砂痣ta是白月光，我都喜欢
有点三观不正，听听就好。大家，永远都有更好，眼下便是最好。举个例子，你喜欢有钱的会有更有钱的，你喜欢漂亮的会有更漂亮的。没有最好只有更好，珍惜眼前人 感情专一是21世纪文明人的我们该做的。",2021-01-17 22:56
232,"回复

琉弥ryuura

 太妙了楼主，完全同意你的观点。现代爱情观已经不像是之前那样了，与一个人组成家庭，又爱着之前那个人，贱不贱呢[辣眼睛]",2021-01-30 17:41
34,"回复

羽原凛HabaraRin

 感觉当朱砂痣的女孩子好吃亏，自己的丈夫跟自己生活了那么长时间，心里还想着其他的女人，这难道不算精神出轨吗",2021-02-16 06:24
13,"回复
共 15 条回复，

江砚233

当日本暖流和千岛寒流相遇时，会导致海面生成大雾，而我仍能从你依稀的轮廓辨认出你。",2021-01-12 22:52
177,"回复

再回到过去丶

 医院怎么说",2021-01-14 18:19
26,"回复

显两性的氧化锌

 寒暖流交汇处，由于温度差异，海水深层物质搅动，营养物质上泛，形成渔场",2021-01-15 02:53
47,"回复
共 11 条回复，


常乐仙师_伊灯卡莱

第一遍：好熟悉
第二遍：夕日坂？",2021-01-18 20:52
165,"回复

L丶Alter

 第一遍夕日坂第二遍勾指起誓[doge]",2021-01-30 22:49
22,"回复
共 3 条回复，

语蝶不是晴颖

这首歌是很多歌的拼接版吧？",2021-01-19 19:23
159,"回复

郭云金

 啥是拼接版，不懂就问",2021-01-19 22:02
2,"回复

默默不沉默

 回复 @BruceLee- :抄袭了",2021-01-20 08:40
5,"回复
共 4 条回复，


威严滿滿の大小姐

刷到一耳朵就听出这是抄的了",2022-09-07 22:13
28,"回复

我是阳光亦会发暖lLe

我还以为有多好听，特意搜索来听了一下，就这？旋律听着总是似曾相识，词借着白月光朱砂痣强行提高深度，唱腔毫无亮点，ktv水准",2021-01-28 02:30
103,"回复

嚻竼甴xiaopengyou

 老哥，细🔒",2021-01-28 12:37
1,"回复

甄的平

 我是听晨阳与雪 听他们说原版是这个歌 特地来听听 结果发现评论区说这歌抄袭",2021-05-20 04:44
2,"回复
共 6 条回复，

肥羊_苏茜

这是那部韩剧？",2021-01-09 23:14
40,"回复

NorthMuz

 我也蹲",2021-01-09 23:26
3,"回复

乌托邦不怨

 xdm，【MV】 Lee MinHyuk(이민혁) _ Good Night(이 밤, 꿈꾸는 듯한)
我只能发现是这个，尽梨了[笑哭]",2021-01-17 11:35
7,"回复
共 23 条回复，

心中寰宇

大缝合时代是吧😅",2021-01-30 16:38
72,"回复

苍云万里

 抖音快手多的是早就见怪不怪",2021-12-31 18:42
回复,"Great-羽洛

 几年前就开始了，这会反应过来是不是已经迟了？",2022-04-03 02:27
条回复，,"
GurAaaa_-

低情商:抄袭
高情商:借鉴优秀作品",2021-04-18 19:25
25,"回复

一名半吊子的烂货up

 我：6",2024-07-14 21:59
回复,"
几分苦与甜

白月光在照耀，你才想起TA的好...[酸了]",2021-01-10 01:23
181,"回复

轻甄饭团酱_长期停更

 白月光与朱砂痣&夕日坂 前奏对比",2021-01-17 13:45
7,"回复

局外人耳总

 回复 @おにぎり_ゆめべるP :拒绝黄，拒绝赌，拒绝黄赌毒",2021-01-27 17:05
3,"回复
共 5 条回复，


有只狗叫奥利

音乐一开始我就想到了一首歌，拒绝黄，拒绝毒，拒绝黄赌毒！[妙啊]",2021-01-17 11:01
32,"回复

轻甄饭团酱_长期停更

 白月光与朱砂痣&夕日坂 前奏对比",2021-01-17 13:38
3,"回复

gobi燚

 回复 @おにぎり_ゆめべるP :一样， 第一句开始就是拒绝黄赌毒。。 说不定作者也是在KTV等人听歌来的灵感",2021-01-25 21:56
1,"回复

1v_dayo

v曲很多宝藏，人气不高但旋律很棒，改一下就能搬上去作为口水歌大火。
抄完了DY上面水军和纯nt可以凭着爱国的口号站在制高点说话
语言差异也会让抄袭版更火
v圈在DY没什么发言权只能看着无奈的哭
跨国维权很贵没人玩得起
有的p主来B站了，要是进一步看到DY上面的抄袭“神曲”会怎么想呢
只有这件事绝不能让步！",2021-02-14 22:03
77,"回复

本命天依

 【洛天依原创】可以恋爱也抄袭了这个",2021-02-15 01:31
1,"回复

本命天依

 我们V圈从没有发言权,他们会说作者还没有发声你急个毛啊[笑哭]",2021-02-15 01:38
3,"回复
共 9 条回复，

本少滑稽

又是某音的抄袭歌[微笑]",2021-01-29 13:42
28,"回复
共 1 条回复，

第一次犯错

又是一首口水歌",2021-01-29 12:34
84,"回复

Xez0

 还是抄夕日坂的",2021-01-29 12:35
8,"回复

土豆烧排骨233

 回复 @XENO-LSplkxyb :不止",2021-02-10 10:07
4,"回复
共 4 条回复，

重生之数学地理爱上我

抄袭狗，还有脸发MV，怎么想的？抄袭其他歌曲就认为是自己原创？不亏某音里的所谓神曲，呵呵。",2021-01-28 20:08
30,"回复
共 2 条回复，

哈哈哈想当P主

笑死我了一首抄袭的歌，不止抄袭了一首十几首歌连在一起都能那么火哎，无语死了。是现代版的离人愁吗？白月光与朱砂痣= 知足+说好了再见面+爱的魔法+左眼皮跳跳+夕日坂[捂脸][捂脸][捂脸]前奏的夕日板[捂脸][捂脸][捂脸]不知道的还么或许还在蒙在鼓里。",2021-01-21 20:07
51,"回复

Tod_欲仙

 再加《勾指起誓》。还疑似一首很小众的歌曲《可以恋爱》",2021-04-03 22:07
2,"回复

请假中的up猪

白月光与朱砂痣 抄袭日本歌曲《夕日坂 初音ミク doriko》简直就是一模一样",2021-01-27 12:34
40,"回复

初音未来_Crytpon

 还有天依的《勾指起誓》",2022-05-28 10:29
回复,"693路4318622

 回复 @初音未来_Cyrtpon :还有天依的一半一半",2022-08-08 14:56
条回复，,"Iverson22

抄袭怪",2021-01-11 14:43
45,"回复

取个名字你想逼死我

究极缝合怪",2021-03-14 15:15
20,"回复

自由转悠

 音乐人的事情，能叫缝缝补补么[脱单doge]",2021-03-15 01:17
回复,"
夜中一番星

抄袭出来的歌曲 恶心",2021-01-24 14:50
50,"回复
共 3 条回复，

EnjoyLTY

笔记
 @王宁天 这人什么成分？
",2023-07-10 11:23
8,"回复

不浪漫最名

这歌词写的，像小学生为了装深沉装比强行写出来的尴尬小作文一样，没那个作词水平还不如写点学猫叫逗大伙儿一乐得了，画虎不成反类犬，同一题材的听听人红玫瑰是怎么写的，这些年火的什么抖音神曲的歌词让我严重怀疑现在的很多年轻人可能除了自己考试用书以外基本不阅读其他文学作品，文学素养太堪忧了",2021-02-08 14:51
43,"回复

Clarinet_He

 确实，而且这旋律，就是口水歌啊（虽然我也是外行人，但还是能听出来），但好多人就是爱听[笑哭][笑哭][笑哭]",2022-05-23 10:55
1,"回复

看琉璃之鸟

看到热评是说抄袭，那我就放心了[OK]",2022-06-28 16:34
19,"回复

弋池里

这歌说侵权了《夕日坂》来着，初音的。虽然第一次听这歌的时候我感觉也挺好，但知道有侵权后还是删了文件去下了原版。（转自b站）还是希望大家能够重视抄袭问题，这是对他人知识、创作最基本的尊重。",2021-01-30 00:31
37,"回复

阿普鲁派不炒股养家了

 版权也要看是不是永久版权",2024-05-30 22:40
条回复，,"您今天要来点乐子吗

这个夕日坂有点跑调[思考]",2021-05-04 22:52
18,"回复
共 1 条回复，

账号已注销

不仅是抄袭 词真的糊里糊涂的不知道在写啥 没深意 简直玷污《红玫瑰与白玫瑰》[无语]",2021-02-14 19:56
41,"回复

仇墨度姜

 张爱玲老师听了都想诈尸",2021-02-14 23:30
1,"回复

账号已注销

 回复 @307_陆柒 :哈哈哈哈哈哈真的是",2021-02-15 08:15
1,"回复
共 3 条回复，

一个喜欢民谣的我

这歌为什么会火？歌词好烂啊",2021-02-09 02:46
45,"回复

别点杨枝甘露

 朗朗上口，歌词引起共鸣了吧，毕竟大部分的人都曾有过白月光[笑哭]",2023-12-18 21:57
1,"回复

阿普鲁派不炒股养家了

 我觉得还好吧，要不你重新编一个，看看你的水平",2024-05-30 22:42
条回复，,"anZzI

抄袭爬！",2021-01-24 16:46
41,"回复


芹王菜子

《白月光与朱砂痣》 主歌部分伴奏：《知足》五月天 歌曲1：29秒到1：48秒伴奏：《当你走了》吾尊的版本歌曲《come back to you》） 副歌部分：《说好了不见面》小贱＆《夕日坂》初音。所以不要洗了。(复制)",2021-01-23 23:45
18,"回复

Melo_浅草奈木

听前奏，夕日坂[笑][笑]",2021-01-19 14:28
18,"回复


云北不南归

放弃朱砂痣以后，会知道白月光原来不过是过去的憧憬，而那个女孩你找不回来了",2021-01-14 19:17
65,"回复

牛奶咖啡猪

 [大哭]",2023-09-11 22:04
回复,"
天馬家のcdd

有一种夕日坂的美（doriko疑惑）",2023-01-21 10:20
18,"回复

693路4318622

这首歌的配料表：夕日坂+爱的魔法+勾指起誓+一半一半",2022-08-05 08:36
18,"回复

耽美女孩也爱miku

 一半一半没听出来，但勾指起誓真的是降一个调就是白月光了[未来有你_生闷气][未来有你_生闷气]",2022-10-07 00:03
1,"回复

芙宁娜Furina_

 还有《左眼皮跳跳》",2023-01-21 16:46
回复,"永存的星

夕日坂也太好听了吧！[doge]",2022-04-01 18:38
35,"回复

账号已注销

觉得抄袭无所谓的都是没有创作能力的废物，他们永远不能理解创作时思维枯竭的焦虑和灵感爆发的欣喜，他们这辈子都感受不到创作的成就和快乐，所以他们理解不了被抄袭时的痛苦。抵制抄袭是一种感同身受，觉得“好看就行了计较那么多干什么”是因为没有能力计较更多。原版的纯粹和深度你法吸收，于是只能吸收那种天下一大抄来的大杂烩。抄袭者是坏，觉得好看就行别管是不是抄袭的是蠢。一个地图炮不接受反驳。",2021-06-15 22:15
34,"回复

依玄凉陌

 挺，有些原作者真的是为爱发电呜呜呜，一分钱拿不到还要被抄袭",2021-08-11 02:48
3,"回复

账号已注销

 回复 @依玄凉陌 :[拥抱]",2021-08-12 16:56
1,"回复

暗裔舰娘Aatrox

现在相当一部分的小屁孩审美水平越来越低了[辣眼睛]，听几句无病呻吟也能脑补出个感同身受，这种缝合怪也能火",2021-03-14 12:57
35,"回复
共 8 条回复，

菟蔻的菟是菟不是菟

……现在听一首火的歌都难，随便点进去就能看见抄袭相关的事情。现在只有抄袭能火了吗？[无语]",2021-01-17 11:30
36,"回复

怡然自得za

 没有这抓耳的旋律，分分钟变成一首口水歌，",2021-03-04 10:20
1,"回复

等一次花开等一人归来

这个歌是裁缝不",2021-01-13 02:11
40,"回复

Yuuma-

 是，可以搜一下夕日坂",2021-01-14 01:02
回复,"提桶的树先生

 回复 @Yuuma- :是，可以搜一下爱的魔法，裁缝接龙，下一个，接上",2021-01-14 12:47
条回复，,"大魔王fafa

夕日坂",2021-01-10 17:21
31,"回复

夜情明

第一句我实在难以想象歌谣这种形容词是怎么变成物质缠绕在手指尖的？白饭粒无处抛，为什么要把表现浪费粮食这种歌词意义给表现出来？袁老都要被气死。别给我扯张爱玲，她写的一粒，谢谢。蚊子血确实有典故，但我还是想吐槽，是你的血尊贵呢，还是这蚊子是新型品种？如果是新型品种那就可惜了，一把掌没了，人类的错失对新品种的认识。如果你血尊贵，我fk可说。我是实在是不知道火焰怎么化作月的？带地理学家？带化学家？白月光闪耀关她的好有什么关系？难道说白月光闪耀会令你想起她全身发光，想起她很稀有，放走了摇钱树？白月光是年少，是她的笑。哇，月光成精，居然变成了她的笑，细思极恐，可怕。难道是那月光一直在吸引她，等他快要成精的时候，把她的笑容吞噬了，直接他变成了她？我明白了，我悟了，这首歌讲述了一个恐怖的故事，实锤了。[doge][doge][doge]",2021-02-03 04:52
52,"回复

学不会插画不改名

 nb，大佬你字多跟你混[热词系列_知识增加][热词系列_妙啊]",2021-02-03 13:57
1,"回复

Aaa月之森学园学生会长

 顶顶",2021-02-04 00:25
2,"回复
共 3 条回复，

深红蚯蚓shqy

高情商:给原作涨涨热度
低情商:抄袭[doge]",2023-01-19 21:56
17,"回复

mds_szqwdy

 原作热度涨不了了[大哭][大哭]最近越来越少的人听了",2023-01-20 09:43
4,"回复

深红蚯蚓shqy

 回复 @神奇的zwy :没办法，现在没多少骑士了[保卫萝卜_哭哭][保卫萝卜_哭哭]",2023-01-20 10:02
2,"回复

炸毛掌柜我都爱

遇见你第五年，喜欢你第五年，决定放下你第五年，你永远是我得不到的白月光，祝你和她幸福！",2021-01-09 20:12
46,"回复

元气樱桃焦糖布丁

 你是他得不到的人，懂吗",2021-01-13 17:20
回复,"鹿鸣-鱼

 回复 @bili_30916840 :那要问他想不想要得到 现实就是如此[笑哭]",2021-01-17 07:45
条回复，,"复杂の关系

笔记
 开门，骑士团送温暖！
",2023-01-16 22:21
16,"回复

uspakawp

 好耶，2020魔法未来",2023-01-16 23:22
回复,"我担anti在天堂

我愿称之为拼多多世纪，大裁缝时代",2021-01-31 13:28
35,"回复

银白桦

可惜了，挺好听的不过是抄的，唉",2022-10-10 23:02
15,"回复


小小哞利斯塔

近些年来，抄袭之事日益增多，关于鉴定抄袭与否的难度也在不断提升，现在几乎很少再见到抄句子这样简单粗暴的抄袭案例了，大多都是所谓的“抄梗”“抄设定”“借梗”“融梗”，哦，“撞梗”是最轻的，因为无法判断是主观“撞梗”还是无意“撞梗”。

关于怎么鉴定以上诸多情况不是本文探讨内容，在此不表。

因为事件越来越多，大众也越来越敏感，反抄袭也变得越来越极端，现在愈发变成了看到一个情节很熟悉就直接判定对方抄袭借梗融梗撞梗等等，从不思考这个情节本身是否私人化独特化。

然后就一窝蜂的去指责谩骂，有的会做令人啼笑皆非的调色盘——这还是不错的，还给你做调色盘呢。你说遇到那种随便一说你抄袭借鉴撞梗融梗的，你问人家要证据，人家回你一句：你自己看原文去啊！

仿佛是在逗我笑。

￼

我有时候真的很想问问这种空手鉴定的各路壮士豪杰，你们是想为反抄袭做贡献呢？还是想为抄袭者开路呢？

我想都不是。

你们纯粹就是为了口嗨！

你们只是为了自己过个嘴瘾，就可以毫无证据毫无逻辑毫无底线的去鉴定甚至污蔑别人。￼

所以我再次恳请各位：

如果你是个作者，请遵守创作的底线，永远都不要想着投机取巧，永远不要存着侥幸心理。反过来，当你认为其他人的情节跟你写的有些相像时，请千万不要亲妈眼神，觉得全世界都抄你，你写的梗全世界都想要偷。仔仔细细的分析对比，理性客观的得出结果，这样对双方才公平。

如果你是个读者，当你觉得某两个情节极为相像存在抄袭借梗融梗撞梗等嫌疑时，请仔细分析，慎重说出自己将要说的每一句话，并且说话时请自主自发的掏出强有力的证据，不要嘴巴一张一闭的空手鉴定，因为一个人的清白，很可能就被你随随便便一句话就玷污了。

罗里吧嗦这么多，是有感而发，因为我自己本身也是个创作者，我不希望看到这样的事情再次发生，我希望大家能有谨言慎行。

如果反抄袭的大旗有一天倒下了，我想并不是抄袭者太强大，而是空手鉴定的人太多了（转自微博@南北逐风）",2021-01-26 10:36
22,"回复

凹凸世界呆毛姐弟吹

 支持",2021-01-28 00:08
3,"回复

下水道关系户

 回复 @凹凸世界呆毛姐弟吹 :白月光与朱砂痣&夕日坂 前奏对比",2021-02-09 09:23
1,"回复
共 3 条回复，

才才和磊磊

笔记
 做一下这道题[doge][doge][doge]
",2024-05-08 19:02
6,"回复

章鱼皇

 这个试题位置，这种选项，一眼浙江",2024-06-17 21:08
2,"回复

夕凪と神隠

 哈哈哈哈哈哈绝了",2024-07-09 19:08
1,"回复
共 3 条回复，

艾倫耶格爾er

这歌词写的真就强行文艺[保佑][保佑]歌词真的尬的一批",2021-04-11 16:55
14,"回复

你在giao什么_

原 创 歌 曲",2021-01-16 20:00
14,"回复

cgjyf

最后一次警告用bilibili的人，你们都给我小心点，我不管你是什么身份，什么背景，新人还是老人，混的有多牛逼。这些我都不晓得。这些我也都不在意，我唯一在意的就是，你们要记住以下我说的每一句话，都给我认真点看清楚：
...…….......
马上春节了，大家春节快乐[doge]
点个赞吧，快要升级了[doge]",2021-02-15 12:59
19,"回复

dawn的欧巴

前排呀前排！！！我要火了吧？",2021-01-09 13:09
19,"回复

X-chemtrail

这词写的就是口水歌的段位，旋律缝合在一起也只有一股廉价味儿",2021-02-12 18:01
13,"回复

miya_ng

这首歌副歌部分的歌词完全经不起推敲[囧]",2021-02-08 23:54
13,"回复

云时雨纪

我觉得我没办法把我遇见过的那些女生清楚地划分为白月光或者朱砂痣，大概在一起时是朱砂痣，分开后就变成了白月光。但每一个白月光都照亮了我的一段路，让我在和她们分开后变成更好的人，如今我可能我已经不需要她们来为我照亮前路，但回望这一路，仍旧会仰望那些难能可贵的白月光。",2021-01-18 09:57
20,"回复

轻甄饭团酱_长期停更

 夕日坂真好听",2021-01-21 20:34
4,"回复
共 3 条回复，

泪噬情殇

摘自《白月光与朱砂痣》酷狗评论区
主歌部分伴奏：《知足》五月天
歌曲1：29秒到1：48秒伴奏：《当你走了》吾尊的版本歌曲开头（这首歌讲道理就是汉化版的《come back to you》）
副歌部分：《说好了不见面》小贱＆《夕日坂》初音未来",2021-03-15 21:15
12,"回复

乌托邦不怨

Lee MinHyuk(이민혁) _ Good Night
原版MV，举报",2021-01-17 11:31
12,"回复

PolluxAic

虽然是首裁缝歌，但总觉得……还挺容易让人平静下来的",2022-09-01 16:16
12,"回复

二号线Lene

 至少还挺好听的。。。",2022-09-03 13:30
3,"回复

账号已注销

每个人都会遇见自己的白月光，可我遇到的是自己的夕日坂呢[给心心][给心心][给心心]",2022-07-30 13:57
12,"回复

落实科学研究

 我也是呢[给心心][给心心]",2022-08-26 00:00
回复,"uspakawp

 戳啦，拼凑的断音嘛",2023-01-16 23:37
回复,"
宫夏カエ残蓝

能不能设置成初音未来精选呀",2022-03-30 13:08
12,"回复

一年一月一日一人

只要网红火了一首歌，就会有人挖空心思去找相同的证明抄袭，但是如果是一个资历很深的歌手发新歌不管火没火，都不会有人去挖他到底抄没抄[doge]",2021-03-08 00:07
14,"回复

蒙古国海军军长

 [脱单doge]",2021-04-01 14:13
回复,"听雨轩洛昀

这首歌旋律是真的熟[囧][囧][囧]，老裁缝了[笑哭]",2021-01-18 02:02
14,"回复

源wooo

这个，跟夕日坂的音调那么像，怪不得既视感那么强[喜极而泣][喜极而泣][喜极而泣][喜极而泣]还行吧",2021-01-16 14:36
14,"回复

Laniakea清盛

虽然是裁缝歌，可是歌词好戳我",2021-01-16 09:17
14,"回复

sugar_6349

謝謝這首歌讓我知道夕日坂這首神曲[给心心]",2022-08-26 21:56
14,"回复

壹世琉璃梦

怎么回事？我听出六首歌的旋律，有《夕日坂》《知足》《勾指起誓》《爱的魔法》《左眼皮跳跳》《烟花易冷》。",2022-01-01 12:32
11,"回复

我是很可爱的小可爱

夕日坂赛高，勾指起誓赛高 夕日坂赛高，勾指起誓赛高 夕日坂赛高，勾指起誓赛高 夕日坂赛高，勾指起誓赛高 夕日坂赛高，勾指起誓赛高 夕日坂赛高，勾指起誓赛高 夕日坂赛高，勾指起誓赛高 夕日坂赛高，勾指起誓赛高 夕日坂赛高，勾指起誓赛高 夕日坂赛高，勾指起誓赛高 夕日坂赛高，勾指起誓赛高 夕日坂赛高，勾指起誓赛高 夕日坂赛高，勾指起誓赛高 夕日坂赛高，勾指起誓赛高 夕日坂赛高，勾指起誓赛高 夕日坂赛高，勾指起誓赛高 夕日坂赛高，勾指起誓赛高",2021-02-08 22:34
11,"回复

枫红叶Maple

抄袭夕日坂tmd气死我了",2021-11-16 12:28
10,"回复

夜雨此时急

裁缝",2021-09-22 22:27
10,"回复
天青气爽

抄袭狗，唱的还难听，爬[阴险]",2021-08-03 02:25
10,"回复

会不会很让人毛骨悚然

 难听别听",2021-10-10 10:19
回复,"下饭的奕泽

 https://b23.tv/AnO2Pz
老哥帮忙看看真不真实，有没有抄",2021-09-15 22:21
回复,"艾倫耶格爾er

无语了，这首歌怎么就抄夕日坂了？它不仅抄了夕日坂，还抄了别的，老裁缝了[支持]",2021-06-22 19:53
10,"回复

甘くて脂っこい

 拿四十米大刀.......给友军削个苹果",2021-08-12 19:55
1,"回复

甜椒咖喱y

低情商:缝合怪，抄袭，垃圾，给👴🏻整吐了[吐]
高情商:一首工业感很强的歌曲，它的美感是一种多元化的美感[微笑]",2021-03-23 23:18
10,"回复

优奈sama_

缝 缝 补 补 の 音 乐 人",2021-02-26 17:52
10,"回复

账号已注销

摘自《白月光与朱砂痣》酷狗评论区
主歌部分伴奏：《知足》五月天
歌曲1：29秒到1：48秒伴奏：《当你走了》吾尊的版本歌曲开头（这首歌讲道理就是汉化版的《come back to you》）
副歌部分：《说好了不见面》小贱＆《夕日坂》初音未来",2021-02-23 21:32
10,"回复

爱在马德里-伯纳乌

抄袭爬啊",2021-02-12 17:42
10,"回复

爱玩人又菜

呵，如今的华语乐坛还真是让人感到悲哀呢",2021-02-02 19:46
10,"回复

Eghverlay

刚开始听副歌 部分好听 但听多了 就觉得这个歌就一个调 抄袭就不对了",2021-01-30 18:37
10,"回复

踢西瓜玩

抄的歌",2021-01-29 00:07
10,"回复


陌雨泠涯

好听是好听，抄袭是这一点就已经把这首歌打入地狱了",2021-01-22 02:04
10,"回复

汉家天子今神武

 回复 @おにぎり_ゆめべるP :能别发了吗？挨着挨着点赞很累的知道吗？",2021-01-23 00:24
4,"回复

轻甄饭团酱_长期停更

 还是夕日坂好听，白月光算个什么毛线原创曲",2021-01-22 13:05
4,"回复
共 4 条回复，

鬼畜版权

《白月光与朱砂痣》
主歌部分伴奏：《知足》五月天
歌曲1：29秒到1：48秒伴奏：《当你走了》吾尊的版本歌曲《come back to you》）
副歌部分：《说好了不见面》小贱＆《夕日坂》初音未来 老裁缝了",2021-01-21 00:55
10,"回复

timetorains

夕日坂与朱砂痣[脱单doge]",2023-01-18 09:13
10,"回复

芙宁娜Furina_

 不，夕日坂与勾指起誓",2023-01-21 16:37
3,"回复

星雨还在下

 [doge]",2023-01-20 19:00
回复,"水深火热的咸鱼

抄不抄袭我不知道，毕竟到现在也没看到正常扒谱的，但是嘛，是不是裁缝大家懂得都懂[辣眼睛]",2022-08-20 01:35
10,"回复

白叶desu

歌词不行，调是夕日坂",2022-08-10 16:06
10,"回复

水月夏忆

本来是不想说啥的，作为一个音乐难民，想在音乐软件搜索张信哲的《白月光》，结果全是这玩意儿[无语]，然后试着听了一下[哈欠]…",2022-08-04 01:46
10,"回复

盐烧秋刀鱼y

这什么伞兵口水歌",2021-10-07 19:41
12,"回复

盐烧秋刀鱼y

 回复 @了不起的冒险狮 :能抄还不给骂是吧，老子最看不起抄袭的苟",2021-10-17 14:46
7,"回复

盐烧秋刀鱼y

 回复 @梁need甜精选 :就这也叫同年代流行歌[疑惑]笑死了，调都是抄的，缝合歌也就你这种爱听[吃瓜]",2021-10-10 13:00
2,"回复
共 13 条回复，

御魂嗨不嗨

这歌真是又爱又恨，恨的是这歌抄袭，爱的是这歌他娘的怪好听的，艹",2021-09-27 21:28
12,"回复

观澜鳘鱼

 好听就是原曲的功劳",2021-09-29 11:51
2,"回复

观澜鳘鱼

 毕竟是抄袭的",2021-09-29 11:50
1,"回复

账号注销8749360

现在的中国人一点创作精神都没有，音乐影视游戏原画抄的太多了太多了，抄袭拼接怪照搬等字眼我都看腻了。作为中国人真的感到很丢脸。
回首看看老一辈的东西真的可能没创作那么多，但至少是真实的自己的。哎...",2021-08-07 12:11
12,"回复

账号注销8749360

 抄俩ai的歌，ai你都抄，还是俩最有名的。还敢发b站？什么操作生怕别人不知道自己抄袭[笑哭]",2021-08-07 12:14
5,"回复

账号注销8749360

 我听着就像夕阳坂+勾指起誓，也不能说是抄袭；只能说是一模一样",2021-08-07 12:15
3,"回复
共 9 条回复，

缘汇则生缘离则灭

没有曲，没有调，鬼子给我们造 [调皮][调皮][调皮]",2021-04-21 14:13
12,"回复

常乐仙师_伊灯卡莱

 同人曲嘛，要求不要这么高。",2021-05-18 21:22
回复,"chiefseattle

 满脑子都是骚操作",2021-04-21 17:49
回复,"多睡一觉就好

人人讨厌盗版抄袭，人人都玩王者荣耀[妙啊]",2021-02-12 10:22
12,"回复

多睡一觉就好

 回复 @弯钩恶魔 :没什么，过年玩个LOL，旁边小孩：叔叔你在玩电脑版王者荣耀。玩个PUBG：叔叔你在玩电脑版和平精英。[妙啊]",2021-02-17 01:13
8,"回复

日耀之星

 不玩[脱单doge]",2021-03-04 01:30
4,"回复
共 9 条回复，

fLU9Vw

🇰🇷也就图一乐，真偷还得咱厉害👍",2023-04-13 05:50
12,"回复

打倒吸血魔兽

 回复 @fLU9Vw :6",2023-08-19 17:22
回复,"十月份的午后阳光

笔记
 大籽 - 白月光与朱
砂痣 (DJ小鱼儿版)
作词：黄千芊、王佳滢
作曲：黄千芊、田桂宇
再无激荡的波涛
也从不在梦里飘摇
白月光在照耀
你才想起她的好
... 展开",2022-10-31 20:58
15,"回复

账号已注销

作为一个路人，管她是不是缝合的。好听就完事了。确实[doge]",2021-03-06 20:54
14,"回复

Dive-Hanger

 可是这歌听着也很一般啊，夕日坂不比这强[吃瓜]",2021-03-21 00:48
4,"回复

常乐仙师_伊灯卡莱

 😅",2021-05-18 21:31
1,"回复
共 3 条回复，

炒鸡可爱的小白

抄袭滚啊!淦!",2021-03-18 00:26
9,"回复

轻甄饭团酱_长期停更

还是夕日坂好听，白月光算个什么毛线原创曲",2021-01-22 13:09
13,"回复

debneko

就离谱，这种东西也能火，别丢人丢到国外了",2021-12-09 22:49
8,"回复

蕉迩

缝合怪丢不丢人啊？",2021-09-23 22:34
8,"回复

账号已注销

低情商：抄袭地太明显了吧？
高情商：集大成之作[doge]",2021-08-16 21:40
8,"回复

消逝与星夜

 可以可以",2021-08-19 18:34
回复,"账号注销8749360

洛天依，原创《勾指起誓》",2021-08-07 12:48
8,"回复

账号注销8749360

 【初音ミク】夕日坂／doriko",2021-08-07 12:57
2,"回复

账号注销8749360

 回复 @下饭的奕泽 :你搜2020 2021年度乐坛排行，挨个搜歌名加抄袭二字你能搜出一堆瓜来，多的就不说了。。。",2021-09-17 07:29
1,"回复
共 7 条回复，

灰灰shi个菇凉

好听归好听 。听说截取了多首歌的部分拼接 请问她都没买版权吗？",2021-08-07 11:41
8,"回复

法语讲义讲语法

 把好听的歌拼凑在一起，不好听才怪呢",2021-08-12 15:41
2,"回复

依玄凉陌

 抄的太多了估计也买不起[doge]",2021-08-11 02:40
2,"回复

小国吉肠胃

缝合怪真的恶心",2021-08-04 22:40
8,"回复

Canal·Vorfeed

差不多得了 什么玩意儿",2021-04-13 15:47
8,"回复


冬天的鹅妈妈

mv抄，曲也抄，歌手纯锑是吧。不说抄袭，就拿歌词出来照样可以钉上耻辱柱。写这歌词恶心张爱玲是吧，这整的好听就是一个精神出轨，那写精神出轨的歌大把比它好。你到底能凭啥赢啊？没那文学功底真别碰瓷文学圈，能有许嵩十分之一的积累都算好了。真的难受，一响眉头就皱，有望ptsd",2021-04-04 20:57
8,"回复


时崎寻夕

《白月光与猪痔疮》",2021-02-22 13:23
8,"回复

薛-定-谔-的-猫a

 武器a和猪。说这都污蔑了武器a和猪",2021-02-22 19:24
2,"回复

这里是彻底

 回复 @想恰胡萝卜汤咩 :哈哈哈哈哈哈哈哈哈哈",2021-02-26 13:37
1,"回复

账号已注销

比原唱红？我看比的是健康码吧",2021-02-21 06:53
8,"回复

账号已注销

白月光=知足+说好了再见面+爱的魔法+左眼皮跳跳+夕日坂",2021-02-21 06:40
8,"回复

last海绵宝宝火焰鼠丶

 这歌是不是还抄了运动员的恋爱达人",2021-02-22 10:32
2,"回复

万木一花

谢谢白月光这首歌让我认识那么多好听的歌[小电视_差评]",2021-02-20 21:31
8,"回复

轻音喝茶部长

 高级高反向找歌",2021-02-28 01:05
1,"回复

这里是彻底

 高级",2021-02-21 20:45
1,"回复

奉眠一米五

只要我抄的够多，就不是抄袭[脱单doge][脱单doge]",2021-02-14 07:07
8,"回复

日耀之星

 裁缝[doge]",2021-03-04 01:26
1,"回复


冷白眠

有人说，只要我听的好听就行了，管他抄不抄袭。这就像是，你努力了很久想考个好成绩，结果别人靠抄就取得了好成绩，你和老师反映，老师说“管他抄不抄，能把平均分拉上去就行了！”你能忍吗？希望大家自觉抵制抄袭行为，即使是歌曲。",2021-02-10 17:46
8,"回复

P_I_T_H

 只管生孩子就行了，管他是不是自己的",2023-01-10 21:52
回复,"emmmems

垃圾渣渣，口水歌就是这种矫情的声音，还抄袭？不知道现在民法典颁布新规，某些人抄袭都道歉了，谁给你的勇气越抄越勇？键盘侠们，你们的键呢？",2021-02-06 22:19
8,"回复

阿猪娜

曲抄没抄我不知道，但是这词写的也。。。",2021-02-04 20:41
8,"回复


关爱手残人士吧

没抄的话，辩词是：“我没有抄！”；抄了一点点的话，辩词是：“不构成抄袭！”；抄了很多的话，辩词是：“让对方去告啊，看告不告得赢！”[吃瓜][吃瓜]",2021-02-02 11:09
8,"回复

琉璃海洛

我家门前有两棵树，一棵是夕日坂 知足 张小五的春天，另一棵是月光朱砂[热词系列_爱了爱了]",2021-01-31 17:37
8,"回复


咲夜白狼

你抄旋律，抄歌词，你是真的牛批",2021-01-31 17:00
8,"回复


L丶Alter

这勾指起誓挺好听的",2021-01-30 22:44
8,"回复

顶住顶不住的每一天

抄袭就不谈了，听一听陈奕迅的红玫瑰和白玫瑰，就知道这歌的歌词有多么土了，只能说词神就是词神",2021-01-25 19:41
8,"回复

杰伦哎呦不错哦

别人刷抖音 我听到这首歌副歌 我说是不是勾指起誓 他跟我说白月光与朱砂痣 [疑惑]",2021-01-19 22:00
8,"回复

michel0005

 众所周知:中国华语乐坛只有两个歌手:周杰伦与其他[doge][doge][doge][滑稽][滑稽][滑稽]",2021-01-20 09:45
3,"回复

michel0005

 回复 @超高校级的幸运儿啊 :周杰伦天下第一",2021-01-22 08:33
2,"回复
共 4 条回复，

日向伊吹的狗

抄v曲？v曲下面评论全是抖音来的，我吐了。",2021-01-16 22:35
8,"回复

轻甄饭团酱_长期停更

 白月光与朱砂痣&夕日坂 前奏对比",2021-01-17 13:38
1,"回复

魔法少女协会会长

夕 日 坂",2021-01-16 16:35
8,"回复

永雏科比

夕日坂，勾指起誓，剩下的我忘了",2023-03-20 20:38
8,"回复


Miku藏在wi-fi里

白月光，你应该给初音未来磕一个头[藏狐]",2023-02-21 18:53
8,"回复

EnjoyLTY

 太少了",2023-02-22 23:53
2,"回复

AC正义娘

【初音ミク】夕日坂／doriko[微笑]",2023-01-21 04:39
8,"回复

真实伤害QAQ

低情商：这首歌肯定抄袭了
高情商：我能拿其他歌的调唱出来这首歌",2022-06-27 00:59
8,"回复

御坂美嘎

 我高潮部分唱勾指起誓唱出来了",2022-06-28 22:21
回复,"ST时光荏苒

很喜欢这个旋律，但她不是你的[微笑]",2022-04-15 00:39
8,"回复

拥抱呢喃

我的理解是：“没睡到叫白月光，没睡够叫朱砂痣”[doge][doge]",2021-01-17 10:00
10,"回复

轻甄饭团酱_长期停更

 白月光与朱砂痣&夕日坂 前奏对比",2021-01-17 13:38
回复,"brief的老公

其实抛开抄袭不谈，这首歌的确承载了许多人珍贵的回忆，这回忆甚至超越了抄袭的这个本质，抄袭是可耻但回忆是再也回不来了",2024-11-16 20:52
10,"回复

日常发电的阿锴

 为什么抛开抄袭不谈，你也知道抄袭可耻啊😅",2024-12-19 05:09
1,"回复

kumo是云不是蜘蛛

 把你头像换了吧，简直精神分裂",2025-01-20 16:05
条回复，,"3492780

好家伙，究极缝合怪",2021-04-08 15:59
7,"回复

海盐雪媚娘

裁缝歌，但我的话又没说服力，朋友全不信[无语][无语]",2021-04-06 23:24
7,"回复

卡米萝

这种有气无力自我沉醉的唱法。。。。。可能我最近re的op听多了，这种非得唱完之后再把声音咽回去嗡嗡两声的声音根某平台的气泡音一样油腻",2021-02-26 15:32
7,"回复

原野上的蚂蚁

去跟ilem解释吧。@ilem",2021-02-25 12:13
7,"回复

杰威尔音烁

哪里抄袭了？明明就是一模一样",2021-02-02 20:41
7,"回复

有亿点心累

就不能原创吗?[辣眼睛]东找一点西补一点，口水歌是吧",2021-02-02 00:56
7,"回复

四--六

【抄袭石锤】白月光与朱砂痣和夕日坂左右声道对比（佩戴耳机）",2021-02-01 15:53
7,"回复

jajablbl

还在刷xxx是自己的白月光、朱砂痣之前我建议还是看看张爱玲的原文吧，白月光不是初恋的意思，毕竟搞明白是什么在刷会好点",2021-01-26 23:22
7,"回复

轻甄饭团酱_长期停更

夕日坂真好听",2021-01-21 20:33
7,"回复

玲也KAC

 [脱单doge]",2023-03-29 01:20
回复,"cLick_cRack

夕日坂，，",2021-01-17 08:35
7,"回复

黑黑奶黄包

新一代音乐裁缝！",2021-01-15 19:48
7,"回复

热心市民许老师

音乐裁缝抄袭大王",2021-01-14 17:29
7,"回复

michel0005

 周杰伦天下第一无人能敌",2021-01-18 20:00
1,"回复
黄世仁

@ilem 快来看。这曲子不耳熟吗",2021-01-13 10:26
7,"回复

吉克鸽鸽152

セローのちちは，ウルトラセブン
セローの師匠は，ウルトラマンレオ
タイガのちちは，ウルトラマンタロウ
タロウのちちは，ウルトラの父",2025-02-01 14:33
7,"回复

bili_62035584558

 这下看懂了",2025-02-06 11:32
回复,"
王小桃鞭打贝利亚

赛罗的琪琪娃，凹凸seven",2025-01-20 03:11
7,"回复


HeAseR__

好听吗？抄袭的[少女乐团派对_开心]",2024-09-15 08:34
7,"回复

Amazon五十

 那咋了",2024-12-03 12:21
回复,"意大利共和国

你手中挥舞的大葱，是我此生不变的信仰，唯我初音殿下永世长存！",2023-11-10 20:30
7,"回复

三三得玖う

卧槽，答辩",2023-04-09 17:36
7,"回复

八月转瞬即逝

别抄了，别抄了",2023-01-19 14:32
7,"回复

uspakawp

你说得对，但是《白月光与朱砂痣》是由大籽自主研发的一款全新抄袭游戏。游戏发生在一个被称作「猿创」的抄袭世界，在这里，被术力口选中的人将被授予「原创歌曲」，导引删评之力。你将扮演一位名为「氵军」的神秘角色，在自由的冒险中邂逅作者们，和他们一起击败术术人，找回木琴——同时，逐步发掘「古风作品」的真相",2023-01-16 23:21
7,"回复

创纸人手

BV1zt4y1G76t",2022-08-09 14:00
7,"回复


八十稻羽牢悠

抄袭可真他妈棒啊！",2022-06-28 14:48
7,"回复

难以理j

夕日坂唱的不错！！！[高考加油][高考加油]",2022-06-25 16:45
7,"回复
雪诺zzZ

抄了那么多曲，真当别人耳朵聋啊[藏狐]",2022-06-25 10:22
7,"回复

川藤和译

拼凑起来的白月光，直接爱了[给心心][给心心]",2022-06-23 16:09
7,"回复

-西伯利亚大仓鼠

欢迎收听《原创歌曲》[给心心][给心心]",2022-04-09 21:14
7,"回复


叨叨叨丸子

草，在公共歌唱舞台听到这曲歌，感觉很好听，自己听了好几遍，结果你们告诉我这是抄袭的[大哭][大哭][大哭]不会吧[大哭][大哭][大哭]",2021-02-21 21:46
9,"回复

私の世界就是

封杀封杀封杀封杀封杀封杀封杀封杀封杀封杀封杀封杀封杀封杀封杀封杀封杀封杀封杀封杀封杀封杀封杀封杀封杀封杀封杀封杀封杀封杀封杀封杀封杀封杀封杀封杀封杀封杀封杀封杀封杀封杀封杀封杀封杀封杀封杀封杀封杀封杀封杀封杀封杀封杀封杀封杀封杀封杀封杀封杀封杀封杀封杀封杀封杀封杀封杀封杀封杀封杀封杀封杀封杀封杀封杀封杀封杀封杀封杀封杀封杀封杀封杀",2021-02-03 12:46
9,"回复

若友

抄袭的歌，不对，那是照搬，
怎么有脸把作曲填上自己的名字？",2021-01-24 10:50
9,"回复

日常发电的阿锴

笔记
 笑点解析：支持原创
",2024-12-19 05:07
3,"回复

arenciel

偷国是这样的，自己做不出来就只能偷别人的",2023-01-26 17:18
24,"回复

狼の人

 回复 @拜托了幸子小姐 :他有没有一个词提及了中国🤣",2023-02-01 22:58
8,"回复

拜托了幸子小姐

 你说的是夕日坂吧，我指的是视频里的这首歌",2023-02-17 11:29
条回复，,"忘迹Wtki

就这还敢来b站？要不是变质了 放17年那会早给下架了[抠鼻]
https://b23.tv/3i5eZxb",2021-12-16 14:28
6,"回复

忘迹Wtki

 《致力于原创音乐的推广与发行。》",2021-12-16 14:30
回复,"li时崎狂三il

这和夕日坂有点像啊",2021-10-01 18:19
6,"回复

Pray4love3

 抄的",2021-10-03 00:46
1,"回复

_AGExiaom

 更像 10年後の君へ",2021-10-04 18:26
回复,"QEsadly

就连夕日坂也不放过？",2021-09-26 10:14
6,"回复

丫神启动

我扒过谱，旋律和夕日坂前奏有区别，不算抄袭。只是听着像。
如何鉴抄？【纸房乐话】",2021-08-30 23:32
6,"回复

bilibili你够了

 回复 @不考上浙大就不改名 :抄袭从来没有几小节这种说法，要看法院鉴定是否构成实质性相似，如果构成实质性相似那么你就算只有半个小节一样也是抄袭",2021-09-03 12:52
2,"回复

丫神启动

 至于勾指起誓，只有主歌的一个小节相似，而抄袭的判定是6小节。",2021-08-31 08:30
1,"回复
共 3 条回复，

账号已注销

建议关闭弹幕，别被弹幕侮辱了智商",2021-05-07 16:11
6,"回复

洛亦天___

 弹幕不是挺正常的吗？",2021-05-07 18:50
回复,"机械连接

人家都唱了从前的歌谣都在绕[妙啊]",2021-04-09 23:01
6,"回复

妄谈国士

缝合怪还有脸发mv，真是够不要脸的了。",2021-03-29 22:54
6,"回复


拜拜白白拜拜

低情商：这是个裁缝
高情商：这事花粥做过",2021-03-03 14:06
6,"回复

晨光熹微同志

 没多大区别[doge]",2021-03-07 10:15
1,"回复

炒蛋蛋的小番茄

歌词下句接不上上句",2021-02-19 23:22
6,"回复

刘熙_

夕日坂也太好听了吧？去听原创喽，谢谢安利",2021-02-19 09:30
6,"回复

kusurichan

姐姐好厉害鸭！！不去做裁缝真的好可惜呜呜呜[大哭]",2021-02-17 14:31
6,"回复

边喝娃哈哈边吃紫皮糖

现在所谓音乐人，第一:作词作曲地方写着不是人的名字，第二:曲可以采取裁缝、抄袭、变调等方式，第三:词随便填，追求末尾押韵即可",2021-02-16 09:54
6,"回复

肝头人

 这歌连调都不变的",2021-02-16 18:37
1,"回复

瞾亖

好听吗，好听就是好夕日坂[脱单doge]",2021-02-15 20:25
6,"回复

Rin_Tohsaka

A:夕日坂
B:裁缝怪
C:夕日坂是谁
D:真好听，换个人就没这味道了
E:为啥就火起来了
F:这首歌是谁唱的[热词系列_知识增加]",2021-02-15 15:44
6,"回复

账号已注销

抖音大舞台，填词你就来。
填词填的好，流量少不了。
文案写得妙，粉丝一大票。
粉丝加流量，原作不重要。",2021-02-15 13:07
6,"回复

winter旬冬

好听是好听，可惜是抄过来的，说实话很多流行音乐并不是不好听，为什么就不能买了版权合法改编呢，那样唱的舒服听着也舒服[辣眼睛]",2021-02-15 02:49
6,"回复


本命天依

这个发布时间比你早，【洛天依原创】可以恋爱拿去把歌词改一改，就是自己原创歌了？",2021-02-15 02:07
6,"回复

Cobalt_Estelle

 作者说了，跟《可以恋爱》和弦差不多，但是自己的旋律更复杂些",2021-02-15 12:55
1,"回复

小英真服了

抄袭能火，华语乐坛别想活",2021-02-12 23:51
6,"回复

没有名字的某b站用户

好家伙 下面就是勾指起誓[2021拜年纪_嘲笑]",2021-02-12 12:35
6,"回复

_李青君

真是不错啊，买一首歌能听到怎么多首歌血赚阿[妙啊]",2021-02-09 12:02
6,"回复

赛博橘子酱

抄袭的好棒呀[辣眼睛]",2021-02-04 14:44
6,"回复

灬未闻花詺灬

谢谢这首歌让我想了夕日坂",2021-02-03 13:08
6,"回复


Shichirika

谢谢白月光，让我找到一堆好歌",2021-02-02 14:49
6,"回复

红尘惨遭故人图谋不轨

裁缝是吧😅",2021-01-31 11:33
6,"回复

孤月卿城

抄袭都能火？这个世道怎么了",2021-01-31 10:22
6,"回复

你那么可爱是违法的

各种味，熟悉",2021-01-31 02:45
6,"回复

残阁夜听雨

这歌真是拼多多 大杂烩 拼的不错哈哈哈",2021-01-31 00:37
6,"回复

市富

这不夕阳坂嘛……",2021-01-30 13:06
6,"回复

加州燕子

抄袭",2021-01-29 19:24
6,"回复

黑色柳丁的橙子

这词写的[笑哭][笑哭]一言难尽况且还是抄袭[捂脸]",2021-01-29 18:02
6,"回复

账号已注销

 这些流行歌的歌词真的没眼看，都是为钱做的音乐，太丢人了",2021-01-30 21:16
1,"回复


16325318016_bili

抄的很好啊 ，真当V圈没人，多丽碳没人听吗？说他抄袭都不配 ，缝合怪能不能爬呀 [微笑]",2021-01-28 18:53
6,"回复

孙吧绿牌萌新

李袁杰直呼内行！",2021-01-25 23:42
6,"回复


星醉月

夕日坂真好听[吃瓜][吃瓜][吃瓜][doge][doge][doge]",2021-01-25 06:56
6,"回复

MyZard

抄来抄去没人管，遍地都是裁缝怪，有进步就怪了",2021-01-24 23:31
6,"回复


万鲸成林

夕日坂真好听",2021-01-23 15:17
6,"回复

sana25

抄袭大王",2021-01-23 13:31
6,"回复

IN_Lv15

别忘了b站以前叫MIKUFANS",2021-01-21 02:18
6,"回复

我们从此别过吧

音乐裁缝。",2021-01-20 20:44
6,"回复


浅尽青樱染红装

抄袭",2021-01-20 13:51
6,"回复

于花花是帅哥

抄袭狗",2021-01-17 15:34
6,"回复

michel0005

 周杰伦天下第一无人能敌",2021-01-18 20:01
1,"回复

-land-_xxx

抄袭",2021-01-17 13:37
6,"回复

michel0005

 周杰伦天下第一无人能敌",2021-01-18 20:01
1,"回复

爱折腾的明天

早已接受并爱上朱砂痣，可你依旧在追求心中白月光",2021-01-16 23:24
6,"回复

轻甄饭团酱_长期停更

 白月光与朱砂痣&夕日坂 前奏对比",2021-01-17 13:38
回复,"_Wxyu

抄袭？",2021-01-16 21:25
6,"回复

炉管教_教主

2025的点个赞吧[脱单doge]",2025-01-12 20:50
6,"回复


芝士年糕TvT

虽然是抄的，但真的好好听[大哭]",2024-09-08 12:19
6,"回复

仙度瑞拉的红气球

还是初音唱的好听",2024-04-17 14:47
6,"回复

孤慕容烟丶

抄抄不明白，歌词还不流畅押韵",2024-04-14 14:11
6,"回复

二层小木屋

好听，🇨🇳了",2024-02-20 19:40
6,"回复

刘岚枫

夕阳板",2023-07-11 08:49
6,"回复

EnjoyLTY

建议大家别再听这首抄袭歌了",2023-03-06 21:55
6,"回复

EnjoyLTY

 缝合了N首歌",2023-03-06 21:55
2,"回复

YGenkouY

白饭里夕日坂 初音未来抹不掉～[囧][捂脸]",2023-03-05 22:28
6,"回复

呱太Misaka

路人，怎么感觉《夕日坂》抄了这首歌啊[doge]",2023-02-08 16:04
6,"回复

EnjoyLTY

 想多了，2008年的歌曲很少有人知道，而且还有很多没有版权意识的人，这种评论基本上不会出现的",2023-02-22 23:52
3,"回复

流魔

 你这狗头",2023-02-28 02:44
回复,"eeaoe

白月光跟朱砂痣有什么关联？我特么还电烫斗与煎鸡蛋呢[喜极而泣]",2023-01-15 12:02
6,"回复

小乐猪小乐猪

 哈哈",2023-01-23 09:05
1,"回复

狲思邈气鼓鼓

何止乐坛，什么行业不是？",2022-10-23 09:01
6,"回复

大眼袋仓鼠_已被发卖

从十几年前的红玫瑰白玫瑰到现在的白月光与朱砂痣。。。这算不算审美降级",2022-08-03 13:14
6,"回复

TigAtlaSuperman

 这不是降级，这是降维啊[笑哭][笑哭][笑哭]",2022-08-10 09:16
2,"回复

疤瘌用你

音乐鬼裁",2022-07-14 20:36
6,"回复

La1n_

音乐裁缝414😋",2022-07-13 13:52
6,"回复

沧波鸻鸟

来吧，加入初音未来精选频道吧[星星眼][星星眼][星星眼]",2022-05-14 14:22
6,"回复

天黑请下凡

抄miku的夕日坂，很有face",2022-05-05 00:49
6,"回复

大器碗承

这音质爱了 爱了[OK]",2021-01-09 18:40
8,"回复

漠上黄沙漫

我来听歌怀旧，弹幕真把我恶心坏了，b小将真是逆天了",2025-01-27 23:28
8,"回复

与迷

 逆天在哪？缝太多了大伙听着耳熟还不让说一下是吧[脸红] 又不是说不好听 骂骂大籽不骂歌",2025-01-31 02:24
1,"回复

我的青春有你

 抄袭音乐骂不得了？",2025-02-11 18:09
1,"回复
ディガ

第一次听到这首歌我就感觉有一部分很像夕日坂",2024-02-07 14:34
8,"回复

药_Welc

华语乐坛抄了几年v家，广大国内网友依然不知道P主什么概念，不会都以为初音的歌都是有初音版权的大公司自己作曲的吧[幻想乡的日常 第1弹_无语]",2023-06-12 13:38
8,"回复

被迫进步

希望今年，女神能跟我牵手[脱单doge]",2023-01-02 14:13
8,"回复

被迫进步

 回复 @那个女人她回来了 : 谢谢兄弟，祝我们都能跟最喜欢的人走到一起[给心心]",2023-01-21 14:20
1,"回复

深红蚯蚓shqy

 虽然我没有，虽然我很嫉妒，但我还是祝福你[保卫萝卜_哭哭][保卫萝卜_哭哭][保卫萝卜_哭哭]",2023-01-20 10:07
1,"回复
共 4 条回复，

codeforces真好玩

抛开抄的不谈，确实是挺好听的，你们说是不是吧[doge][doge]",2022-03-18 02:12
8,"回复

桔梗死海

 典",2022-03-19 16:24
2,"回复

账号已注销

 😋",2022-03-20 16:32
条回复，,"yy灿灿

缝合怪，抖音评论夕阳坂还被拉黑了，真好意思",2021-02-03 13:40
7,"回复

信萍noob

不合群啊，我们班曾经在音乐课的时候可以点歌，然后就有人放了这首歌，我感觉真的有点ex，miku的歌被抄了我真tm生气[捂脸][捂脸]",2021-10-11 22:01
5,"回复

江阴本人

唉，不了解之前我觉得很好听，了解了以后我觉得夕阳板是真好听",2021-08-22 21:34
5,"回复

小苦宅OvO

抄袭了几首歌已经数不清了呢[初音未来_期待][初音未来_期待]",2021-08-12 14:51
5,"回复

小苦宅OvO

 回复 @梁need甜精选 :？我不知道你再说什，",2021-10-23 17:04
回复,"会不会很让人毛骨悚然

 真是想黑别人，故意找类似。",2021-10-10 10:26
回复,"崩坏の灵魂

白月光与朱砂痣= 知足+说好了再见面+爱的魔法+左眼皮跳跳+夕日坂",2021-02-19 13:56
5,"回复

你好美啊啊啊啊啊啊

抄袭的歌就别传了吧😅",2021-02-02 11:36
5,"回复

下水道关系户

 是这首超了那些歌",2021-02-08 19:10
1,"回复

Ear1yz

这歌能火就离谱[doge]",2021-02-01 19:03
5,"回复

日代千鶴__

音 乐 鬼 裁[热词系列_爱了爱了]",2021-02-01 00:32
5,"回复


擅长捉人的Takagisan

为什么不抄个好听的歌名[思考]",2021-02-01 00:30
5,"回复

我的昵称是最好的

又一音乐鬼裁",2021-01-31 20:00
5,"回复


你知道我所思所想

又一位裁缝出现了[笑哭][笑哭]",2021-01-30 03:43
5,"回复

大是大非前请讲事实

抄袭狗",2021-01-29 19:15
5,"回复

Flori__

为啥这些抄的歌总是那么火啊[疑惑]",2021-01-28 17:44
5,"回复

-叱咤月海鱼猫猫-

 不是抄袭的歌火，只是碰巧火的是抄袭的，有些歌或许也是抄袭，只不过它们不火，所以我们没有发现而已",2021-01-30 19:45
2,"回复

日耀之星

 抖音红歌，懂吧？[灵魂出窍]",2021-03-04 01:32
1,"回复

许甜甜的何不可

一听就是老裁缝了",2021-01-28 15:58
5,"回复

我的名字是藤原拓海

别抄了别抄了[doge][doge]",2021-01-27 23:01
5,"回复

月到楼南山独遥

现在的好多歌怎么都是抄的，真没意思",2021-01-27 10:21
5,"回复

厃咞

剪一段电视剧，再配上歌就是mv了？",2021-01-25 22:27
5,"回复

开飞机的文子

裁缝歌爬",2021-01-24 21:18
5,"回复

青涯白鹭

现如今抄袭成瘾?真当没人听老歌?",2021-01-22 23:48
5,"回复

若幕洛

抄袭",2021-01-21 18:50
5,"回复


拥情至疾

这个抄的老缝合怪了吧",2021-01-20 19:26
5,"回复

皮皮m03

勾指起誓？",2021-01-19 23:48
5,"回复

michel0005

 回复 @书声丶 :老林还有，但是在周杰伦之下[妙啊]",2021-01-24 16:46
回复,"星期四请自觉v我50

 回复 @荒野大镖客2救赎 :hxd你这是不把我老林放在眼里呀[doge]",2021-01-24 16:30
条回复，,"萌萌小飞鼠

抄袭可耻，垃圾歌曲",2021-01-17 19:28
5,"回复

萌萌小飞鼠

音乐裁缝呵呵呵",2021-01-17 19:28
5,"回复


尛乄染

庭前旧梅泛新香，当时故人，如今不在旁。
醒时恐为梦一场，身世俱忘，何处是吾乡。",2021-01-16 23:21
5,"回复

二营长的意大利炮Max

第一次听，总觉得耳熟
https://b23.tv/gJqXv1
https://b23.tv/eQI1uY
https://b23.tv/tKIKkf
https://b23.tv/9uhepb
我觉得特别像洛天依的这一首，至于其他网友分析的，",2021-01-16 20:25
5,"回复

---喵帕斯---

 +1",2021-01-24 16:51
2,"回复

香織さん

想睡睡不到的白月光，睡过还想睡的朱砂痣，睡到不想睡的地上霜",2021-01-12 22:02
5,"回复

轻甄饭团酱_长期停更

 白月光与朱砂痣&夕日坂 前奏对比",2021-01-17 13:36
回复,"
峦仔

确定了这是网抑云[doge]",2021-01-12 13:21
5,"回复

轻甄饭团酱_长期停更

 白月光与朱砂痣&夕日坂 前奏对比",2021-01-17 13:36
回复,"
没惹你们喵

B站的弹幕怎么戾气这么重恶意这么大？我听首歌而已看弹幕就羊尾了",2024-12-28 19:37
5,"回复

緒榜

梦回21年[笑哭]",2024-10-15 20:18
5,"回复

緒榜

 回复 @工藤ヘ小森 :这位更是古董[doge]",2024-11-10 15:44
回复,"工藤ヘ小森

 梦回《夕日坂》",2024-11-10 12:16
回复,"剑佩鸣相磨

怎么办[大哭]
才知道这首歌是抄袭的，但它曾陪我度过一段人生中黑暗的日子，我又想听它，又不想听它。就像突然发现身边一个曾陪你共患难的朋友是砂仁饭一样，你想远离他，又舍不得这段感情[大哭]",2024-10-11 21:29
5,"回复

椰子鸡大火收汁

 听歌让自己舒服不就行了",2024-10-13 00:51
5,"回复

策策你的马儿

 你自己爽就够了",2024-12-20 21:21
回复,"Atomic_particle

回头一看，这都21年的歌了",2024-09-08 14:40
5,"回复

13只原坤

 今夕是何年[大哭]",2024-09-15 11:17
2,"回复

陈胜吴广了

16岁的她如晨曦初现在我心中获得了满分，从此她就困住了年少的我，她曾塞满了我的整个青春。她就站在那里，永远的熠熠生辉，却在我的未来里永远缺席，人终将被年少不可得之物困其一生！
在每一个失眠的夜晚，当你闭上眼，脑海里会出现一个模糊的身影，尘封已久的记忆就此打开，相遇时面无表情的擦肩而过，可余光扫了她千百次，不经意的对视，都是少年的怦然心动，她并不倾国倾城，但却让当时的我一见倾心。她永远穿着校服，永远干净的站在我的回忆里，可是后来呀，我再也没有在除了梦里以外的地方见过她，但她永远不会消失，她是少年心中永不熄灭的光，可惜的是，她只是我生命中的一个过客，她只能存在记忆里。
后来起风了，吹起了她凌乱的发丝，吹起了满地的落叶，还吹起了无限的心动。
她永远站在那里，救赎着我的青春……
对此五星释怀家麦克阿瑟表示:可惜如今的我们，已经错过了那种青涩懵懂的心动，并且此生再也不会有这样的体验了。
花开花落花无悔
缘来缘去缘如水
16岁的她，站在我的回忆里，交上了满分的试卷！",2024-05-10 12:25
5,"回复

李泽熙综合公司

参考了初音的《夕日坂》，洛天依的《勾指起誓》，邓紫棋的《句号》等",2023-08-04 01:33
5,"回复

纸上彡谈兵

一开始以为这是抄袭夕日坂，后来又听出了勾指起忆，好家伙缝合怪是吧",2023-07-29 19:27
5,"回复


x幻想风靡x

不如夕日坂一根",2023-05-25 01:38
5,"回复

时10e

虽然但是，词确实能引起一部分人共鸣，至少我挺喜欢的，循环很久了[脱单doge]",2023-03-22 01:29
5,"回复


小金刚ツ

这词写的，是觉得自己文笔比张爱玲强么，大刀阔斧的乱改，为了押韵本末倒置",2023-02-08 01:06
5,"回复

幻-狱

我就知道这种视频弹幕一定会被某些小学生当表白墙",2023-02-02 18:54
5,"回复


悲伤的空白格1

呦 这不是白月光与夕日坂么",2022-12-26 02:41
5,"回复

wg2c

抖音火起来的欧美歌都是神曲，中文歌除了抄袭还是抄袭",2022-12-07 00:24
5,"回复

我的斤斤计较解决

 回复 @阿杰在流汗 :夕日坂",2023-01-09 08:46
3,"回复

深红蚯蚓shqy

 大都是抄的，不能这么绝对[喜极而泣][喜极而泣][喜极而泣]",2023-01-20 10:17
条回复，,"
zlh周

弹幕区×
表白墙✓
厉害厉害",2022-08-11 21:30
5,"回复

三二一____

呵，抄袭狗。",2022-06-25 20:58
5,"回复

千ヶ崎入莉

不加入初音未来精选频道我不是很认可🤗",2022-06-18 20:25
5,"回复


魔鬼蛇xl

前奏一听就是借鉴初音未来的[OK][OK]",2022-05-24 03:24
5,"回复

初音的骑士团团长

Lj音乐",2022-05-19 00:34
5,"回复


星見氷葉hoshimi

成就达成：在曾经的mikufans发抄袭miku的歌",2022-05-05 22:37
5,"回复

冯书言

不加个初音未来标签吗[打call]",2022-04-26 23:52
5,"回复

陌生的阡陌

我不懂，为什么现在那么多的音乐都是抄袭的？我不懂，实在不懂",2022-03-28 10:48
5,"回复

全部記憶の中の幻

 现在出的歌基本不是看好不好听，基本是看配短视频剪辑效果好不好",2022-04-06 01:20
3,"回复

全部記憶の中の幻

 复制粘贴好听的老歌最快了",2022-04-06 01:20
回复,"
阑珊月梦

曲子不论，歌词意向太抓我心了",2021-01-16 01:06
8,"回复

东方橘子皮

 那肯定呀，白月光跟朱砂痣这个梗就是出自《红玫瑰与白玫瑰》，作者是民国四大才女之一的张爱玲。😂原文：“也许每一个男子全都有过这样的两个女人，至少两个。娶了红致瑰，久而久之，红的变了墙上的一抹蚊子血，白的还是窗前明月光;娶了白玫瑰，白的便是粘在衣服上的一粒饭粒子，红的却是心口上的一颗朱砂痣。”",2021-01-16 20:23
9,"回复

阑珊月梦

 回复 @东方橘子皮 :太美了 ，感情很细腻",2021-01-16 20:57
1,"回复


酸辣粉多放醋加煎蛋

笔记
 没有遗憾怎能叫青春
",2023-05-15 03:12
2,"回复

御伽音イフ-Official

这首歌的原唱是doriko的《夕日坂》，《白月光》的作者在未经过原作者授权的情况下擅自用这首歌填词并且用作商业用途，望诸位了解",2021-07-26 12:13
6,"回复

宇宙无敌豆豆超人

如果要证明抄袭的话，求个卡密来扒谱[小A和小B_OK]",2021-01-24 12:44
6,"回复

流浪の奸商

什么?白月光?哦…我更想念红太阳…",2024-05-18 23:22
6,"回复

反复又重遗

 我想你小时候的我 怀念那个天真无邪的我",2024-05-28 21:01
1,"回复

丸沙

第一次听夕阳坂，好好听啊",2024-02-10 13:50
6,"回复

似笑非笑的你

这首歌的歌词太平庸了，完全对不起这两个意象",2023-09-09 19:27
6,"回复


南冥有漠

很不错的夕阳坂！学校天天放，真是 高 兴 死啦[星星眼]",2023-02-21 13:11
6,"回复

古板的高达拍骆驼

怎么感觉有点像《勾指起誓》[疑惑]",2022-10-03 17:32
6,"回复

自爆黑历史

 给你推荐首歌，覆予的《我喜欢你》。[偷笑][偷笑]",2022-11-26 19:34
回复,"
观澜鳘鱼

酷我小学生真特么多，指出抄袭还一堆人骂我",2022-01-08 11:23
4,"回复

轻音和喵喵

去听了这位的腾讯音乐盛典现场版，车祸现场，手抖走调断气…",2021-12-27 02:28
4,"回复

薄荷糖の吻

 话筒🎤太烫了",2021-12-29 01:44
回复,"CLARK-CHANG

这也能叫歌？还那么火，国人的审美我也是醉了",2021-12-24 21:43
4,"回复


魔鬼蛇xl

抄袭初音未来？[哦呼][哦呼]",2021-12-20 00:22
4,"回复

忘迹Wtki

 不止，就是各种七拼八凑堆一起的缝合怪[辣眼睛]",2021-12-20 01:07
1,"回复

morrispackier

 回复 @Vuk32 :旋律真的感觉和很多歌重合",2021-12-22 20:13
回复,"
五年练气三年筑基

我说这么熟悉呢，还以为是哪一首遗忘在角落的青春[辣眼睛][辣眼睛]",2021-12-08 20:52
4,"回复
Mesektet

弹幕表白的纯沙口了",2021-10-07 11:17
4,"回复

GinosaMiko

有人扒过谱子吗？空耳旋律相似的太多了，要看谱子有没有构成抄袭啊",2021-09-24 21:11
4,"回复

九十九Hollow

 抄了，夕日坂和勾指起誓都被抄了",2021-10-04 14:45
1,"回复
討厭三角函數

国人版权意识已经病入膏肓了……",2021-09-20 20:47
4,"回复

会不会很让人毛骨悚然

 你不是国人？",2021-10-10 10:09
回复,"月輪舞の劍姬

 回复 @梁need甜精选Lv33 :要國人要自已建。抄幹嘛",2022-02-12 17:31
回复,"
我是理央

所以让我再靠近一点点，因为你太温暖",2021-08-23 15:31
4,"回复


星河入梦ヾ

现在某音上火的歌有几个是原创，哈哈",2021-08-18 01:52
4,"回复

洛亦天___

 有些是拿抄袭说是借鉴的缝合怪，没办法",2021-08-31 00:18
回复,"您-吉-祥

真难听",2021-08-07 02:58
4,"回复

会不会很让人毛骨悚然

 难听别听",2021-10-10 10:14
回复,"
萌萌飞飞机

不知道为什么，之前有那么多人喜欢这首歌，抄袭不说，我听这唱的，就跟嘴里含了什么东西一样的，完全就是口齿不清",2021-07-29 22:03
4,"回复

萌萌飞飞机

 回复 @觉醒d喵 :不不，就算是没有抄袭，我听着声音也同样不舒服，不知为啥",2021-08-07 11:56
1,"回复

铜谷和仁

 不说是因为他们不知道是抄袭的，我以前也不知道有这首抄袭歌，最近才知道的",2021-08-12 14:58
条回复，,"御伽音イフ-Official

这首歌的原作是doriko的《夕日坂》，《白月光》的作者在未经过原作者授权的情况下擅自用这首歌填词并且用作商业用途，望诸位了解",2021-07-27 23:01
4,"回复

AtherLee

夕日坂yyds",2021-07-25 09:02
4,"回复

何以清尘777

丢人",2021-06-30 15:11
4,"回复

会不会很让人毛骨悚然

 别把你的名字挂在你嘴边我们都知道那是你",2021-10-10 10:23
回复,"名字出现bug

歌唱的没有激情，永远都是一个调调，唱功太差。歌曲又是缝合的，从没觉得好听，不知道怎么火的。",2021-06-23 21:32
4,"回复

账号已注销

抄吧 我觉得以后还会有人抄 <<残酷天使的行动纲领>>",2021-06-09 01:10
4,"回复

单车蹦迪dc

我总结了一下，为什么现在火的歌都有抄袭的部分，创作上来讲的原因我就不说了，还有另一个原因，大家都喜欢听以前听过的歌，这样能迅速火起来，这个歌第一次听我就听着很熟悉。所以就很喜欢听",2021-06-05 08:26
4,"回复

扣死扑类

抄袭的歌曲听的人太多，为什么呢，旋律好听，因为原曲就好听，主要还是听了就洗脑了的人，失去理性了，觉得好听就什么都最所谓了。但是虽然抄袭过后旋律还可以，特么你们抄的歌比原曲还火，就特么不能标明原作者吗？现在的人大都听着好听就无所谓了，还在乎原作者是谁？感觉你就算标明原作者，他们也不至于会去起诉你吧，总的来说还是侥幸心理和贪欲在作祟。",2021-06-03 22:03
4,"回复

Misaki_涻溧荔楽

我身边的这些人都外放抖音，一堆像学猫叫似的口水歌，还有一些作死唱腔翻唱沙雕音效，脑袋快炸了，我报复他们放首《晴天》他们说我过气，我特么....",2021-04-20 12:14
4,"回复

ABCD阿啵呲得

这首歌听着好听是好听，就是感觉有点恶心，不知道有没有一样感觉的",2021-04-18 23:56
4,"回复

海盐雪媚娘

建议大家去听一下曾经我也想一了百了，完全就是照搬。BV1ob411M7ZX",2021-04-15 12:26
4,"回复

豹子头您抽

 对啊",2021-04-15 22:05
回复,"红枫必上岸

当我踏出学校的那一步，就意味着，我们永远不可能在一起了，我和你永远隔开了一段距离，随着时间推移，它会慢慢变大。毕业一年了，我还在装着一切都没结束，让你错误的以为我还在上学，甚至每天怕你来我上班的地方看见我。但是在你结婚的那一天，我会出现的，正视我的青春，正视我曾经爱过的人。",2021-04-07 22:28
4,"回复

讲武德不年轻

老李裁缝比起这位“实力派女歌手”还是差的太远了[doge]",2021-03-24 16:23
4,"回复

初遇的立春日

一听就知道是老缝合怪了",2021-03-20 15:57
4,"回复

捻梅散落

第一次听到这个就知道是个缝合怪了[tv_白眼]",2021-03-18 15:05
4,"回复

终极洛克人零

以前不知道这歌，想听歌词去查，从1分10秒开始那一段，我听了无数次听不出来他说的啥，都开始怀疑我是不是中国人，结果对比歌词一看，这能听出了才有鬼",2021-03-06 09:12
4,"回复


红色社会同萌

我超喜欢doriko调的Miku的歌，重温夕日坂看下评论区居然看见2021年的歌还有抄袭的[疑惑]甚至还有洗的，某些人真是极为丢人[辣眼睛]",2021-03-03 22:59
4,"回复

小福饼干好不好吃

现在连抄袭都这么理直气壮了吗[疑惑][疑惑]",2021-03-01 20:16
4,"回复

人生贪欢

唔，曲是缝合怪，词是大白话，人是带点烟嗓，一开始听确实好听，但也就仅限于开车的时候听了[吃瓜]",2021-02-28 20:11
4,"回复

Makise紅莉棲

老缝合怪了，不看歌词都听不懂唱的什么",2021-02-28 14:42
4,"回复

独爱丶小饮

 反正就听的出白月光，不然在B站都搜不到[笑哭]",2021-02-28 15:53
回复,"无敌啵老大

好家伙 Spotify听这首歌 然后自动推荐了Glow,还以为是电音版白月光[妙啊]",2021-02-28 00:15
4,"回复

34zzzd

我严重怀疑大籽是花粥的师傅，两人都挺会抄的，不过大籽技术更高而已",2021-02-27 11:35
4,"回复


爱笑的V哥

缝合得这么好听，先踩一个再说[妙啊]",2021-02-25 15:21
4,"回复

欣欣少年时

挺喜欢这个旋律的",2021-02-24 14:59
4,"回复

欣欣少年时

 回复 @源于工作号 :[吃瓜][吃瓜][吃瓜]",2021-02-25 22:17
1,"回复

源于呀

 可惜是个裁缝啊[吃瓜]",2021-02-25 20:51
1,"回复

Yoshinoん

我说怎么本来是老歌的调子却是最近发的[笑哭]",2021-02-23 16:46
4,"回复

菠萝味的老吹雪

我就说旋律怎么那么熟[绯赤艾莉欧_生气]",2021-02-23 04:33
4,"回复

Wonderland009

抄的",2021-02-22 13:54
4,"回复

查拉图斯特拉猪比说

臭水潭的水溢出来了啊",2021-02-20 10:06
4,"回复

崩坏の灵魂

夕日坂汉化真好听",2021-02-19 13:57
4,"回复


三梦大战万人迷

希望有十个人在你身边唱白月光与朱砂痣😀",2021-02-17 16:34
4,"回复

莫遥狐说

 给你赞，不要折磨我啊！！[大哭]",2021-02-19 14:32
1,"回复

森森io

 魔鬼吗 过年就有小孩子在唱[笑哭]",2021-02-17 16:51
1,"回复

ca长发的孤生

为何现在网红歌手和十年前的网红歌手差距这么大[辣眼睛]",2021-02-16 23:03
4,"回复

邪恶外星章鱼丰川祥

 国语歌我只听周杰伦和其他一些能对上胃口的歌 这些抄袭歌都不知道什么牛马来的",2021-02-17 00:26
2,"回复

ca长发的孤生

 最基本的原创都不会。。",2021-02-16 23:04
1,"回复

寒冷大棉鞋

呵呵，乐色歌曲",2021-02-16 16:42
4,"回复


胜天半子名侦探

缝合怪真恶心，抵制抄袭",2021-02-16 00:37
4,"回复

真不想取网名

音 乐 鬼 裁",2021-02-15 00:32
4,"回复

真不想取网名

 另外这歌词一点诗意都没有，这就是国产歌的未来吗？",2021-02-15 00:32
2,"回复

滴滴嗒嘀嘀哒

新裁缝你好",2021-02-14 16:45
4,"回复

热心市民小徐_666

夕日坂真好听",2021-02-13 21:01
4,"回复

科隆zZZlUwU

挺好听，为什么好听？
因为它是抄袭抄过来的呗_(:з」∠)_",2021-02-13 18:36
4,"回复

逢田ハンバーグ

请抵制抄袭",2021-02-13 14:15
4,"回复


2233凉

抄袭 已经实锤了",2021-02-13 01:37
4,"回复

_不起眼的小浪客_

究极无敌火箭外太空缝合怪！",2021-02-08 22:40
4,"回复

某上条势力の百合子

开头简直就是复刻夕日坂。。。超喜欢miku的夕日坂",2021-02-08 14:24
4,"回复

kuma_____

我终于，和我的白月光在一起啦！",2021-02-07 23:59
4,"回复

不会响的大笨钟

 祝99！
[打call][打call][打call]",2021-02-08 00:44
回复,"饭圈邪教的老父亲

音乐届的裁缝[吐]",2021-02-06 20:43
4,"回复

寫給漂流木

这歌词也是无语子",2021-02-04 21:50
4,"回复

芙嬣雫

老缝合怪了[吃瓜]",2021-02-03 11:53
4,"回复

想要竹蜻蜓

爬",2021-02-01 23:33
4,"回复

薇洛薇洛薇

难听",2021-02-01 15:56
4,"回复


牢徒手法信仰玩家

抄袭可耻",2021-01-30 11:47
4,"回复

3425981

抄袭歌，自裁，请(无慈悲)",2021-01-30 11:24
4,"回复

仅仅靓仔

这几年的音乐风气越来越不好了，为了利益不择手段，投机取巧的比比皆是。短视频爆红年代纵容了他们肆无忌惮拼接抄袭。真不知道现在还有啥新歌好听，各位老铁有介绍吗。",2021-01-27 14:28
4,"回复

乖小孩01

说通俗点 就是白月光没睡到朱砂痣没睡够[doge][doge][doge][doge][doge][doge][doge][doge][doge][doge][doge][doge][doge]这么多够吗？",2021-01-27 14:14
4,"回复

橙子不黑

能不能来首原创火一下了，天天就是老调子，老缝合怪了",2021-01-23 22:28
4,"回复

亚斯甜

听了这首歌，勾起我的回忆想起那年夕阳下的大阪的那个女孩了，谢谢",2021-01-20 22:03
4,"回复

是念阿念

抄抄抄",2021-01-20 05:07
4,"回复

michel0005

 众所周知:中国华语乐坛只有两个歌手:周杰伦与其他[doge][doge][doge][滑稽][滑稽][滑稽]",2021-01-20 09:45
1,"回复


回不去了就请往前看

蹲一下剧名[星星眼][星星眼][星星眼]",2021-01-18 21:29
4,"回复

馒头的小开心果r

“他的一生总会遇到两个女人，一个纯美像朵白玫瑰，一个妖艳像朵红玫瑰。
”若是选择了那白玫瑰，久而久之，白玫瑰就白得像粒饭黏子，红玫瑰红得像朱砂痣。“
”若是选择了那红玫瑰，久而久之，红玫瑰就红得像滴蚊子血，白玫瑰白得像白月光。“",2021-01-18 10:32
4,"回复

琉璃海洛

 翻译：粘贴复制别人评论好好玩",2021-02-02 17:07
1,"回复

轻甄饭团酱_长期停更

 回复 @叶瓷才不是花弧蝶 :这歌抄袭隔壁初音的夕日坂",2021-01-22 13:00
1,"回复
共 5 条回复，


守护花花的老琴爹

好了，我去听勾指起誓了[doge]",2021-01-17 19:35
4,"回复


征服世界的火焱

这旋律怎么总觉得很熟悉，和拼凑的歌一样",2021-01-17 16:45
4,"回复

Melo_浅草奈木

 就是裁缝歌啊。。前奏夕日坂",2021-01-19 14:29
1,"回复

心存莫忘

 自信点 就是裁缝歌",2021-01-17 17:28
1,"回复

曹家老贼

白月光，是指月面向阳面反射的日光被观测的结果。实际上这是由于观测者视力不佳的缘故，月光，尤其是较亮的满月月光在人眼中更接近蓝色，从下面的研究可以看出，波长分布在470nm左右，这是蓝色的光谱。",2021-01-16 20:47
4,"回复

轻甄饭团酱_长期停更

 白月光与朱砂痣&夕日坂 前奏对比",2021-01-17 13:39
回复,"臭黄是只橘

床前明月光，疑是地上霜[妙啊]",2021-01-12 23:00
4,"回复

轻甄饭团酱_长期停更

 白月光与朱砂痣&夕日坂 前奏对比",2021-01-17 13:36
回复,"
容斋七笔

我这二十多年啊！既没有白月光照耀心口上也没有被烙印朱砂痣。仔细想想还真是悲哀呢，生命中缺失了不少灿烂的日子啊！",2021-01-12 21:46
4,"回复

轻甄饭团酱_长期停更

 白月光与朱砂痣&夕日坂 前奏对比",2021-01-17 13:36
回复,"饭不香

洒脱是免疫一切悲欢情仇的良药",2021-01-11 00:13
4,"回复

我可以摸摸你的校徽么

赛罗的七七哇，（ ）",2025-02-06 02:07
4,"回复
共 1 条回复，


示申天下

屎",2024-12-26 15:15
4,"回复


桂鱼好吃2

现在听有种心梗的感觉，走马灯了嘛[笑哭]",2024-10-21 01:24
4,"回复

寻寻光

 对，感觉全是回忆",2024-10-23 16:42
回复,"時序絢亂VividCycle

也是中日文化交流了🤓👆",2024-09-21 14:33
4,"回复

喃喃小猪

垃圾歌",2024-09-19 17:57
4,"回复

Bili゚゚゚゚Bili

 回复 @-是小雨呐 :你是人?",2024-10-09 10:35
3,"回复

Bili゚゚゚゚Bili

 回复 @糯米草莓团子nn :哎呦我才知道呢谢谢你告诉我[16岁生贺_感动]",2024-10-21 06:27
1,"回复
共 8 条回复，

huhuhuh-o

2024年前来考古，我只能说，夕日坂太豪庭了[打call]",2024-09-08 13:43
4,"回复

安北辰a

勾史",2024-04-17 17:50
4,"回复

御清乄

排列组合让这些网红歌整明白了",2023-12-10 16:00
4,"回复

意大利共和国

骑士团参见世界第一公主殿下！",2023-11-08 05:20
4,"回复

只会数月亮

 参见错了，这是抄的夕日坂，公主殿下在隔壁[初音未来_大笑]",2023-11-10 20:09
回复,"春欲暮礻

高一寒假期末听的 现在大一了",2023-08-23 10:28
4,"回复

ゼロzero_

 一样诶",2023-11-06 00:58
回复,"摇头粉发背吉他

 大二寒假听的，现在上班了",2023-09-26 23:18
条回复，,"旧华der

·虽然是缝合怪但是初中那会周末一个人骑自行车运动还是单曲循环
旋律很好听[鼓掌]",2023-07-02 19:10
4,"回复

狗子在摸鱼

得不到的永远是最好的，失去的成为了最永远的遗憾！",2023-06-19 19:36
4,"回复


焦糖味的橙子owo

夕日坂吗这不是[疑惑]",2023-06-17 16:49
4,"回复

丷猫和你

今天是抄年啊。 听一首新歌就是抄，华语乐坛 一年不如一年",2023-06-03 08:34
4,"回复

丷猫和你

 回复 @嘀里里的不会飞 : 我知道 [喜极而泣]，我只是想说今年也是抄年啊[喜极而泣][喜极而泣][喜极而泣][喜极而泣][喜极而泣]",2023-06-04 13:12
回复,"嘀里里的不会飞

 大哥这是2021年的[喜极而泣]",2023-06-03 22:45
回复,"寢正月初晴

我还是第一次听这首歌，原来是夕日坂的伴奏，怪不得那么熟悉。",2023-04-07 19:48
4,"回复

赞美苦难你没事吧

 还有左眼皮跳跳这一句，也被抄了，这个真裁缝",2023-04-30 18:08
回复,"洛绫星鸢

夕阳坂与勾指起誓",2023-01-19 07:47
4,"回复

Harukasuki

不是，虽早闻大名，现在听了一遍，抛开抄袭不说，唱的跟咽的气似的[捂脸][捂脸]那词也是一坨",2023-01-17 14:24
4,"回复

朴朴朴朴啾一

高中的断电铃……听得想死",2022-12-28 23:38
4,"回复

300斤爱玩儿原神

要不是老师让我练这首吉他曲子我才不弹这首抄袭歌呢[辣眼睛]",2022-12-10 12:13
4,"回复

阿诺德马头蛋

 给老师听一下夕日坡，这首更值得学",2023-01-28 18:48
回复,"椰子YF

一坨答辩",2022-12-06 23:08
4,"回复

年幼の粽子精

夕日坂+勾指起誓=白月光与朱砂痣[OK]",2022-12-06 10:28
4,"回复


绯色日照-

从前的夕日坂，都在指尖绕[Hiiro二周年_无语]",2022-11-26 19:14
4,"回复

甘兩

开头不就是《夕日坂》吗？就最后两个音节升了一下调。",2022-11-24 13:00
4,"回复

深红蚯蚓shqy

 你才知道啊[doge]",2023-01-20 10:18
回复,"晚风_cv

我记得这首歌刚火的时候，跟朋友在郑州租房子，那时候21年第一次下雪，下的很厚，我朋友在窗户旁边弹吉他，我拍了照片分享给我喜欢的女孩，当时真的无忧无虑，幻想着未来的无限可能",2022-10-25 13:18
4,"回复

爱玩mc的tt

 终于翻到一个和我想法差不多的评论了，当时听这首歌2021年年初，当时我对未来生活充满希望，可惜回不去了[大哭]",2022-12-12 18:35
1,"回复

阿北摘月亮

 2021.1回不去了",2022-11-01 22:49
1,"回复

lwjkdl

我是真不明白白月光和朱砂痣是什么意思",2022-07-24 12:39
4,"回复

普罗旺斯篝

白瞎这曲子了",2022-07-24 01:39
4,"回复

快醒醒起来吃安眠药啦

 曲子也是缝的",2022-07-30 18:27
回复,"_折了樱桃

现在这网络歌曲是怎么回事，就硬抄硬缝，我真的看不到什么未来，我日语歌听的偏多，对国内近些年来音乐的发展真感到无奈，为什么现在的小年轻喜欢周杰伦的还是一抓一大把，一是周董的歌确实顶，二是什么原因值得深思",2022-03-23 15:46
4,"回复

西行寺悠悠子

up能不能转发初音未来动态啊😢",2022-03-20 17:53
4,"回复

愚者的melody_

什么乐色音哕抄袭啊[再见]",2022-03-04 02:32
4,"回复

三连是什么好吃的美食

管它抄不抄袭，好听就完了[doge]",2023-06-13 22:02
7,"回复

你掉头发了

看到b站这全在骂我就放心了[脱单doge]",2022-08-23 19:04
16,"回复

落实科学研究

 +1",2022-08-25 23:58
回复,"EnjoyLTY

笔记
 通辑这个维护抄袭的答辩！(平台:酷狗音乐)
",2023-04-12 22:29
3,"回复

战斗小队指挥官王王

抖音上的神曲就是好听
[打call][打call][打call][打call][打call][打call][打call]",2021-01-15 21:18
8,"回复

轻甄饭团酱_长期停更

 回复 @王2313 :爱的魔法＋勾指起誓+左眼皮跳跳+夕日坂",2021-01-17 08:44
3,"回复

轻甄饭团酱_长期停更

 这首歌抄袭",2021-01-16 21:01
3,"回复
共 11 条回复，

233333的皮U

真棒，抄的这些歌全是我喜欢的，一耳朵就能听出来了",2021-02-23 12:24
5,"回复

今夜月亮和喵都失眠

人们总说有些人一辈子会遇到两个重要的人，一个惊艳了时光，一个温柔了岁月，可是我想，好像，他哪个都是啊，白月光和朱砂痣都是他哦。[热词系列_泪目]",2021-01-16 22:53
5,"回复

轻甄饭团酱_长期停更

 白月光与朱砂痣&夕日坂 前奏对比",2021-01-17 13:38
回复,"阿川哥Leony

我爷爷都说掀起你的盖头来[笑哭][笑哭][笑哭][笑哭]好明显",2023-08-27 16:38
5,"回复

牢要爱乐奈

我的评价是ıı||ıı|ıı||ıı 5''",2022-10-26 20:48
5,"回复

账号已注销

觉得抄袭无所谓的都是没有创作能力的废物，他们永远不能理解创作时思维枯竭的焦虑和灵感爆发的欣喜，他们这辈子都感受不到创作的成就和快乐，所以他们理解不了被抄袭时的痛苦。抵制抄袭是一种感同身受，觉得“好看就行了计较那么多干什么”是因为没有能力计较更多。原版的纯粹和深度你法吸收，于是只能吸收那种天下一大抄来的大杂烩。抄袭者是坏，觉得好看就行别管是不是抄袭的是蠢。一个地图炮不接受反驳",2021-06-15 22:14
6,"回复

Britannic不列颠尼克

夕阳坂，连虚拟歌手的歌都nm逃不过",2022-01-22 20:48
3,"回复

君琳丷

别缝合了[脸红]",2022-01-01 10:58
3,"回复

零UIa

这就是那首“借鉴”很多的网红歌吗",2021-12-29 23:54
3,"回复

Crown沫白

缝的歌都能火，呵呵，好像不少首网络短视频里上比较火的歌都爆出抄袭",2021-12-22 22:44
3,"回复

メイプルストーリー

开裁缝店呢",2021-12-12 16:38
3,"回复

化归静暇

抄袭和借鉴的边界在哪里？",2021-11-30 15:48
3,"回复

丶故里丨

抄，就恩抄",2021-11-14 20:15
3,"回复

Kitten桑

白月光像死尸河水里面泡，朱砂痣长黑毛拔也拔不掉",2021-10-24 19:45
3,"回复


Altair_sola

谁能来救救华语乐坛啊",2021-10-14 16:00
3,"回复

账号已注销

咱们先别直接开喷我们就先来分析一下这首歌，这首歌先不说抄不抄袭连抄四首特别是从头到尾的旋律都一模一样没得洗的这种情况下！我们就从这首歌的本身出发！
1.首先就是这阴间题材吧！确实给我恶心到了，您从爱情方面出发还得运用万能的地摊文学？我想请问您这个题材和填词是在为感情上的背叛做出合理化吗？吃着碗里的看着锅里的，只能说明您这人从心里面恶心极了，一不小心写进歌里了
2.其次这个mv的质量…只能说一言难尽，就是把这个音乐去掉，有几个人能立马就明白过来这想要表达的到底是个什么？歌词中的爱情元素感情上惆怅丝毫就没有被体现！到最后我定睛一看神™必剪创作，并不是说必剪不好本人也用，但是您这样一首曲子还用那可就不合理了…因为这个mv的主体视频实在过于简单但凡您制作的时候走心一点，我们就算是站在原创曲的角度上去看你创作一个好的视频他至少还对得起观众！就算制作团队有一个会pr的，制作的时候用心点，在画面取材方面，走走心也不至于这样尴尬！
3.直接听歌曲就感觉整体过于单调，一首三分钟出头的歌，您那几句不知道从哪个地摊文学里面找来的语句，一首歌里面少说重复了两三遍，毕竟副歌我敢说开头跟结尾可以说反复重复一模一样，您就是借鉴的话我指望了您能不能借鉴完整一点？至少在后期可以添加一点自己的东西，至少是在题材出发角度上的不一样，可以把节奏做快或者说干脆换一个风格实在不行就找一个历史上发生的史实作为背景，你至少不要让别人一听就知道这是借鉴的例如另一首抄袭/借鉴曲《权御天下》至少人家乌龟最美的洗的地方，其实就是开头有个破绽然后被发现，其他的地方完全听不出来，但是您这种就没得说了可以算是漏洞百出了，这个样子给你洗的正常人都没有！
4.承认这首歌曲都会口水歌还是非常好听的，但是你大大方方的承认道个歉，不要让别人看起来就感觉您这位歌手非常的恶心，一复古振兴的做派只能让您越来越招黑！像什么抖音上，直接拉黑，这种行为只会让你越来越黑",2021-10-06 20:51
3,"回复

账号已注销

 回复 @渲染刂 :所以说这人是？…[思考]",2021-10-12 18:58
回复,"账号注销8749360

 回复 @言谢FPS :你去看看其他楼层里，你也会找到这人的身影[喜极而泣]",2021-10-12 01:17
条回复，,"staybingo

歌词明明那么好，为什么非要抄袭呢，我不理解。。。。",2021-10-04 22:36
3,"回复

拉屎的时候喜欢吃东西

 一首歌最重要的是曲，建议搜一下周杰伦为什么叫天王",2021-10-14 12:02
回复,"staybingo

 抄袭的是曲调",2021-10-04 22:36
回复,"bili_蓝梦机

鉴定抄没抄袭，需要扒谱看相同音节，重要的是看作者接没接触过",2021-09-03 20:40
3,"回复

下饭的奕泽

 https://b23.tv/AnO2Pz
老哥帮忙看看真不真实",2021-09-15 22:17
回复,"星城兰花

 前奏",2021-09-04 23:15
回复,"leonOV0

缝合了不好吗[doge]现在听一首等于听好几首我喜欢的歌",2021-08-31 13:56
3,"回复


我是理央

各位，为什么不把这首歌在推特上发给doriko，看看抄袭贵物是什么样的[呲牙]",2021-08-23 15:43
3,"回复

哈基米你这家伙

恶心，抄袭夕日坂",2021-08-18 17:49
3,"回复

哈基米你这家伙

 回复 @梁need甜精选 :伞兵",2021-09-24 19:49
回复,"会不会很让人毛骨悚然

 恶心别听",2021-09-24 19:18
条回复，,"胧胧月色

我去年买了个大金表，这是夕日坂啊",2021-08-18 14:27
3,"回复

下饭的奕泽

 https://b23.tv/AnO2Pz
老哥帮忙看看真不真实",2021-09-15 22:19
路人蒟蒻桑,前奏一听感觉是夕日坂[藏狐],2021-08-09 23:09
3,"回复

路人蒟蒻桑

 回复 @下饭的奕泽 :可这不是副歌的简谱吗，参考意义也不大吧",2021-09-15 23:11
1,"回复

下饭的奕泽

 https://b23.tv/AnO2Pz
老哥帮忙看看真不真实，有没有抄",2021-09-15 22:20
回复,"是PangHu吖

我以为是老歌，百度一搜，2021年发行？？？",2021-07-24 12:53
3,"回复

萌萌飞飞机

 还是抄袭的",2021-07-26 10:00
2,"回复

依玄凉陌

 抄袭了一首2008年的歌曲",2021-08-11 02:41
1,"回复


釘宮りえ

是说听着这么熟悉，原来是夕日坂",2021-07-19 19:19
3,"回复

神的随波逐流也丿

到底抄了多首歌，完全听不下去……",2021-07-17 22:49
3,"回复

帝君摩拉克斯

@ilem",2021-07-10 07:55
3,"回复

nice心愿

我大初音终于被抄了[doge]",2021-07-01 11:58
3,"回复

超绝的白熊飞

完 全 溃 败，但是我们还有hh，hh封神辣❤️",2021-06-10 23:52
3,"回复

想和幸运有个故事

弹幕上发名字的[doge] 总感觉不太好",2021-05-29 02:54
3,"回复

客观的沉默

抖音都知道这首歌是抄袭的",2021-05-01 10:52
3,"回复


陳獨我

懦夫表白墙",2021-04-01 05:25
3,"回复


斯贝利亚

知道这歌不怎么样，我本来也不怎么感冒歌词和曲子。但是这是我喜欢的人第一次给我唱的歌，所以说滤镜真的让人很讨厌呢，明明知道不过是个口水歌而且还特别缝合，但是还是不停的听，明明这是我最看不起的行为呀。",2021-03-28 01:48
3,"回复

精神协会会长

中国就不会作曲吗！怎么会填词！这曲有那么难吗？",2021-03-23 15:32
3,"回复

精神协会会长

 回复 @茉茉苼 :老阴阳人了！宫里出来的吧！伺候过几位主子啊！",2021-03-25 07:55
2,"回复

蒙古国海军军长

 回复 @精神协会会长 :莱猪 吃的很爽吧[嗑瓜子]",2021-04-01 20:48
1,"回复
共 7 条回复，


常乐仙师_伊灯卡莱

讲个故事《版权所有》",2021-03-19 19:08
3,"回复

衬衫大一号c

跟我上初中时候听的口水歌有的一比",2021-03-14 06:52
3,"回复

自傷無色_

我是说怎么如此牵动回忆，原来是夕日坂",2021-03-14 00:27
3,"回复

当这世界没有花-

陈奕迅的红白玫瑰比这个的词好一万倍",2021-03-06 20:34
3,"回复


纯爱战神悠二

笑死我了白月光，裁缝店需要你",2021-03-06 02:25
3,"回复

尚飛

不用多说 原版动漫歌 节奏有多少没听出来了
如果说 没听出 那么 千本樱的作者想必都知道吧 没错 就是她[doge]",2021-03-06 00:39
3,"回复

Forsaken帅帅

抖音上的歌不知道多少缝合怪！！吐口痰再走吧！！！he tui！！",2021-03-02 18:21
3,"回复

账号已注销

听这种歌？去听听张信哲的白月光不香么[吃瓜]",2021-03-01 04:44
3,"回复

蒙古国海军军长

 过气了",2021-04-01 14:17
回复,"蘑菇笨比

缝合怪也能出歌了[偷笑]",2021-02-27 16:38
3,"回复

444444满天星辰不及你

这个弹幕给我整笑了 ?这个表白墙是吗 [疑惑]yue",2021-02-27 12:11
3,"回复

不响丸喇

这里面的女主叫啥名啊，真实名字",2021-02-27 11:37
3,"回复

星期四落

看看别的[脱单doge]【MV】保加利亚妖王AZIS视频合辑",2021-02-27 01:24
3,"回复

晨光熹微同志

 保加利亚妖王风评被害！",2021-03-07 10:17
2,"回复

藏狐怎么说

白月光在照耀那一句，感觉老早以前有一首一样的：
嗒嘀嗒哒哒哒，哒哒哒的奔跑
只记得奔跑了，总之求这首歌",2021-02-25 23:52
3,"回复

这里是彻底

 @凉风Kaze",2021-02-26 13:36
1,"回复

起床先存档

 我也是，但就是想不起来了，看评论有说《夕日坂》的，但我记得不是初音的歌",2021-03-02 19:20
回复,"昵称为6个硬币

最离谱的是这首歌居然还很像爱河[笑哭][笑哭]",2021-02-25 22:35
3,"回复

昵称为6个硬币

 就尾奏这一段，间奏也有点，就直接能唱出来[笑哭][笑哭]",2021-02-25 22:38
1,"回复

帕恰狗Pocha

哪一段是抄勾指起誓的啊？我对旋律不太敏感，没听出来[笑哭]",2021-02-25 17:51
3,"回复

塞哈亚

 再无激荡的波涛跟从今以后都牵着手8[脱单doge]",2021-02-25 21:02
1,"回复

LHM-JAY然不同

拒绝黄，拒绝赌，拒绝黄赌毒！！！[doge][doge][doge][doge]",2021-02-23 09:44
3,"回复

葱委会guitar

弹幕给整笑了，真就是🙉呗",2021-02-23 09:13
3,"回复

丁源丁源丁源

烂歌[喜欢][喜欢]",2021-02-21 22:04
3,"回复

你叫个抹茶饼干

老裁缝怪了",2021-02-21 01:00
3,"回复

折耳の樟

哟，这不是白月光于夕日坂吗？",2021-02-19 21:19
3,"回复

ejwejwejw

无语[热词系列_锤]最近在一些主播那里被副歌部分洗脑了，居然是缝合怪[热词系列_问号]",2021-02-19 15:13
3,"回复

花粟鼠321

爬",2021-02-18 11:38
3,"回复


晨光熹微同志

缝合怪之歌不说，整首歌就这两段词来回重复，太单调了，满分100的话我给这首歌60。",2021-02-16 12:49
3,"回复

账号已注销

我只想知道出镜的妹纸是谁？[脱单doge]",2021-02-15 22:03
3,"回复

yyyyykkkkay

哇怪不得这首歌我听着就是特别熟悉，原来都是从我喜欢的歌里面缝缝补补了一些旋律[笑哭]刚刚看到一个视频都对着原版的伴奏唱出白月光了，真是一模一样了[笑哭]",2021-02-15 11:08
3,"回复

想昵称真麻烦-

一听词就知道老缝合怪了[doge]",2021-02-14 19:50
3,"回复

HEATER文武

抄袭真的恶心",2021-02-14 18:31
3,"回复

HEATER文武

 就不能有原创吗？[辣眼睛]",2021-02-14 18:31
1,"回复

账号已注销

小丑竟是我自己",2021-02-13 20:39
3,"回复

ahicigcigc

想知道mv女主角是谁？",2021-02-13 19:45
3,"回复

殊亦er

合成怪，词也没啥水平[辣眼睛]",2021-02-12 19:36
3,"回复

木启辛

说实话，缝的挺好的",2021-02-12 08:49
3,"回复

一个经常被封面骗的人

用大家最熟悉的《日在校园》给大家科普一下白月光 朱砂痣 白米粒 蚊子血是什么意思。

白月光:诚哥没有得到言叶的时候，言叶就是诚哥的白月光，她寄托了诚哥对爱情的美好。

朱砂痣:诚哥和言叶在一起时候，又回想到和世界的“恋爱练习”，又想和世界在一起。世界这时候是诚哥的朱砂痣，拥有过且无法再拥抱的人。

白米粒:诚哥后来成功拥有他的白月光言叶。而且“拥有”到乏味，这个时候言叶就如同诚哥的衣服上粘着白米粒一般，让诚哥感觉有点厌倦和嫌弃。厌倦的时候又开始想他的朱砂痣了。

蚊子血:拥有且无法再拥抱的人，如同朱砂痣一样在你胸口无法忘怀。这个时候诚哥因为对白米粒（言叶）的乏味，又反复横跳了回来和朱砂痣复合，又“回味”了两天朱砂痣（世界）发现朱砂痣（世界）也就如墙上的蚊子血一般让人嫌弃。

得不到的总是最好的[doge] 得到了的总是不懂得珍惜[妙啊]
记得给我点赞[doge][doge][doge]",2021-02-12 08:35
3,"回复

抱住御坂美琴

xsl下面推荐是教主的勾指起誓",2021-02-11 17:04
3,"回复

祝你快乐幸福安康

居然还有人说我们可以撇开抄袭，这首歌也是很优秀的。抄袭这种事情放在心里就好了。不用到处乱说抄袭。
这种人是什么意思？这种人就是辣鸡。一点不尊重原创还鼓励抄袭发家？你自己觉得好听就行了？",2021-02-10 17:33
3,"回复

辰菲上琴仙品

老裁缝了又是初音未来又是五月天的歌，也是够了",2021-02-10 02:08
3,"回复

潤東

的确喜欢不起来。。。",2021-02-10 01:30
3,"回复

杀手小喵咪007

老裁缝了[囧]",2021-02-09 19:45
3,"回复

沒幣惹

坚决抵制盗版",2021-02-09 00:49
3,"回复

伊衣衣

爬",2021-02-08 19:13
3,"回复

勾巴名字真难起

 刚学的新词别乱用",2021-02-08 20:35
回复,"别睡觉咯0o

潮汐吐了 和🌸某有什么区别[微笑]",2021-02-08 15:45
3,"回复

夜神_SK

我居然听成了朱砂痣旧难烧[辣眼睛]",2021-02-08 09:23
3,"回复

豚鼠斯托马克

这首歌抄什么了，能有大佬具体科普一下吗",2021-02-08 00:04
3,"回复

下水道关系户

 夕日坂，知足，还听到了很多不过忘了",2021-02-08 19:03
1,"回复

秋风随月

听着曲子跟勾指起誓很像",2021-02-07 11:28
3,"回复

24岁是个武林高手

夕日坂",2021-02-05 01:01
3,"回复

虾米饺一袋

srds，这个词真不怎么样",2021-02-04 21:51
3,"回复

凉凉椰

夕日坂，真的是我小时候就在听的歌，因为是唯一一首能在家用点歌机中点到的miku的歌",2021-02-04 20:03
3,"回复

一个红孩子

白月光=
知足+说好了再见面+爱的魔法+左眼皮跳跳+夕日坂
up主可以扒谱的
应该会有发现",2021-02-04 15:50
3,"回复

下水道关系户

 【抄袭石锤】白月光与朱砂痣和夕日坂左右声道对比（佩戴耳机）",2021-02-08 19:13
回复,"阿龙蝶

抄袭万年牛",2021-02-04 13:02
3,"回复

第一次犯错

也不知道为啥有人喜欢这口水歌",2021-02-03 17:59
3,"回复

kakayuu

我当时看一个视频剪辑，被这首歌旋律抓到，然后来听歌，这歌词也太拉垮了，怎么配的，现在一看大家说这首歌是裁缝的，现在疑惑就解开了[OK]",2021-01-26 22:01
3,"回复

oGOKUo

别给我推这歌了[吐]要吐了",2021-01-25 17:26
3,"回复
徒手开根号

我不知道我的个性推荐推这么一首歌，大概三个月没拉黑歌曲了，这是我第一次听到这个歌就令我，恶心，反胃，想吐。听的每一个字我的每一个细胞都在告诉我抄袭的人必死",2021-01-25 16:22
3,"回复

_Wxyu

这种在抖音莫名其妙火的抄袭歌爬",2021-01-23 20:03
3,"回复

似水流年-ss

为什么缝合怪会不害怕，因为写出来有人喜欢，会火。即使有人骂也是很少的一部分，并且看出来的人都听过原来的歌曲，品味不会很低，不会骂很难听的话，所以，他们不怕。",2021-01-22 22:55
3,"回复

夏日野蛮椰

哈哈哈哈哈哈哈哈我听到第一段觉得好像回到ktv，结果弹幕真的有“拒绝黄拒绝赌拒绝黄赌毒”",2021-01-22 12:35
3,"回复

普通的风格

一直都不知道白月光和朱砂痣的区别 后来才知道原来寄予希望却无法拥有的叫白月光 拥有过却无法再拥抱的人叫朱砂痣”
——转自评论
说白了，我就觉得白月光是年少时的暗恋，朱砂痣是成熟的代表，成长的阻碍，让你无法忘记的那个人",2021-01-21 20:59
3,"回复

普通的风格

 回复 @おにぎり_ゆめべるP :我刚知道白月光抄袭了，还抄袭了好多歌，我说有的时候听的时候感觉好熟悉哦",2021-01-24 12:59
2,"回复

轻甄饭团酱_长期停更

 还是夕日坂好听，白月光算个什么毛线原创曲",2021-01-22 13:06
2,"回复

aaa司瑶

再无激荡的波涛
让我再靠近一点点
你品，你细品[热词系列_你细品]",2021-01-20 22:28
3,"回复

轻甄饭团酱_长期停更

 还是夕日坂好听，白月光算个什么毛线原创曲",2021-01-22 13:08
2,"回复

aaa司瑶

 回复 @おにぎり_ゆめべるP :勾指起誓也好听，缝合怪就起开吧[哈欠]",2021-01-22 20:34
1,"回复


认枫Y

音乐鬼裁[思考]",2021-01-17 09:16
3,"回复

桥豆麻袋啊呀略略略

垃圾口水歌",2021-01-16 04:20
3,"回复

Conqueror_myy

白月光是啥意思啊！在线等！[doge]",2021-01-15 17:24
3,"回复

夢轩Xuan

 张爱玲说过:“男人的一生至少会有两个女人，红玫瑰和白玫瑰。娶了红玫瑰，久而久之，红的变成了一抹蚊子血，而白的仍是那白月光;娶了白玫瑰，白的变成了生活中的饭沾子，而红的却是心上的朱砂痣。”[doge]",2021-01-15 20:34
2,"回复

Conqueror_myy

 回复 @夢轩Xuan :thanks",2021-01-16 15:20
1,"回复

momo12345678999

触不可及刚刚好，日久天长惹人恼",2021-01-15 15:36
3,"回复

不要沉沦

有没有人扒谱啊，如果不是也别冤枉别人",2021-01-15 13:17
3,"回复

不要沉沦

 回复 @おにぎり_ゆめべるP :[OK]",2021-01-17 22:06
1,"回复

轻甄饭团酱_长期停更

 白月光与朱砂痣&夕日坂 前奏对比",2021-01-17 13:34
1,"回复

有你是晴天Z

多想回到2017年，那时候吃鸡很火，没有疫情，我们无忧无虑成天疯跑，多想回到那时候。",2021-01-12 13:08
3,"回复

漠上黄沙漫

已经五年了，听这首歌感觉跟回马灯似的",2025-01-27 23:27
3,"回复

结城家今天的饭

@想考研的硕士 高一的时候很火 真的巨火巨火",2025-01-08 01:00
3,"回复

刘华无德

夕日坂是真好听",2024-11-16 21:23
3,"回复

大半夜不上班

完了，那一年表白失败听了一个寒假啊，妈的现在又想起来了[大哭]",2024-11-12 20:34
3,"回复

空夏雾白

 我倒是成功了。但是过程和结果都非常烂，还不如一直暧昧下去。一直成为了我的一个心结，当时一直在听很火的那么几首歌。现在突然听到，对这首歌有种ptsd的感觉。哎",2024-11-18 15:17
2,"回复

空夏雾白

 回复 @恪尘不磕碜 :没事 爱情来了好好恋爱。爱情走了就好好生活。 缘分这东西说不清道不明的呀。",2024-11-18 15:59
1,"回复
共 5 条回复，

返场极光女神

记得2022年年初那阵总听，当时疫情，朋友网上发过来一个祝新年快乐的动图（应该算），配乐就是这个",2024-10-27 16:25
3,"回复


禾言青

四年未听情歌，不敢喝醉。
因为你是我的白月光，也是我的朱砂痣，放开自己的情感总会想起你，从喜欢你到我们在一起间隔了7年，从分手到现在过了5年，此生已然注定无法再见。
但，我爱你，谈静。",2024-07-05 21:40
3,"回复

比雷神还雷的神

 兄弟，讲讲你的故事呗",2024-07-15 02:16
回复,"゛永雏塔菲

至少补个票吧？[笑哭]",2024-07-01 16:09
3,"回复

阿呆_official

 我喜欢听夕日坂，但是这个真没抄[嗑瓜子]",2024-07-23 12:29
回复,"阿呆_official

 你觉得哪里像我直接给你把简谱打出来",2024-07-23 12:28
条回复，,"Saion

人生啊。。有太多求而不得 这不是最可怕的 最可怕的是你遇到过 相处过你的白月光 最后你却无能为力。。。[大哭]",2024-06-24 18:35
3,"回复


我在zb1昊想你

高考那段时间必听歌曲，三年了[保佑]",2024-03-21 12:43
3,"回复

桃园领主

16岁的她在我心里拿过满分，从此她困住了年少的我。她毫不费力地赢过了之后的所有人，任何人都不能和她比，因为她什么也不做只需站在那里就赢了。她不会发福老去，也不会带有柴米油盐的烟火气息。她永远青春靓丽，穿着校服站在我的记忆里微笑，困住了少年的整个青春。有人在风中释怀，有人在风中爱了又爱。你可以喜欢很多星星，也可以只心动那只月亮。她是少年的遗憾，是少年一辈子忘不掉的光。青春没有多少清晰的记忆，恰好每个片段都有她。人终将被年少不可得之物困其一生。那是少年唯一的一颗月亮，明晃晃的白月光，挂在梦中的乌托邦。纵使结局不如意，相逢亦是上上签。对爱者而言，爱情怎么会悲伤呢？错过了蝉鸣喧嚣的夏天之后，才知道一生只有一场夏天。其他都是在作比较。如果爱情只是一场考试，那它不是标准答案，而是试卷本身。英国首相丘吉尔接受采访时表示，她是我情窦初开时的第一缕阳光，是我明知不可为而为之的坚定。23岁的她救赎不了22岁的我，但16岁的她可以。对此，远在美国的五星上将麦克阿瑟评论道，她只需站在那里朝我招手，若她是光明，我便走向光明。若她是黑暗我便走向黑暗，义无反顾。",2024-03-21 12:37
3,"回复

六二三七二

后来呀，我确实后悔了，你确实可能是我这一生遇到的最爱我的人，我想你。",2024-03-14 20:50
3,"回复

Frostmourne111

反正选了谁，最后都会后悔，转而去怀念那个错过的人，所以干脆跟眼前的凑合过吧",2024-02-28 23:26
3,"回复

半两茯苓

最有意思的是，白月光就算本人来了也没用",2024-02-24 15:53
3,"回复

溪丛白

 有人爱做梦，就别叫醒他呗！",2024-06-07 17:27
回复,"犹枕_南柯

 like me",2024-03-01 19:59
回复,"才才和磊磊

不知细叶谁裁出，二月春风似剪刀",2024-01-31 23:11
3,"回复

太阳能大土豆

朱砂痣是啥？古墓派胳膊上点的那个嘛",2024-01-10 08:50
3,"回复

不知我者谓我何求呀

 那特么是守宫砂",2024-01-10 08:55
1,"回复

不知我者谓我何求呀

 回复 @木木之所汲 :[doge]",2024-01-17 19:36
条回复，,"forestambassador

表白了，失败了，emo了，哭了，可我记忆中的白月光一直在照耀着我，她的微笑，她的一举一动，在我的眼里是那么美好",2024-01-04 17:10
3,"回复

幻想乡の阎萝大人

夕日阪[大笑]",2023-10-28 15:37
3,"回复

意大利共和国

公主殿下所到之处，众骑士生生不息。
公主殿下目标所指，众骑士心之所向！
你手中挥舞的大葱，是我此生不变的信仰。唯我初音未来公主殿下永世长存！
今生无悔入MIKU，来生再入次元壁！
MIKU FANS - ( ゜▽ ゜)つ🍻乾杯~",2023-10-15 19:09
3,"回复


張酸奶

缝，都可以缝",2023-10-11 00:06
3,"回复

鱼尾鳍轻微晕

想回到那个寒假",2023-10-06 11:42
3,"回复

孟姜女与西瓜太郎

竟然是缝合的吗？还记得几年前打游戏的时候到处都是这个歌，挺怀念的[保卫萝卜_哭哭]",2023-08-05 21:06
3,"回复

孟姜女与西瓜太郎

 回复 @想脾气好 :就是就是[大哭]",2023-10-09 19:16
回复,"希世理

 知道了自己的喜欢是抄袭确实不好受啊",2023-10-09 00:22
回复,"账号已注销

第一眼喜欢的人真的会喜欢很久",2023-07-15 20:31
3,"回复

希世理

 喜欢的只是心中的幻影罢了。不是真实的她",2023-10-09 00:25
回复,"账号已注销

 即使最后发现都是假象",2023-07-15 20:31
回复,"账号已注销

这首歌好温柔，好喜欢呀hhh[2233电子喵_爱了爱了][2233电子喵_爱了爱了]",2023-06-30 22:19
3,"回复

不会打球的大朋友

强烈推荐梦的《白月光》和《朱砂痣》 薄纱这首[doge]
@因你而在的梦",2023-06-04 09:48
3,"回复


lredbeanl

贫穷让我们在b站相遇[灰原哀_啊咧咧]",2023-05-17 11:25
3,"回复

雨打风铃

开门，骑士团送温暖！[阴险]",2023-05-06 14:58
3,"回复


光泠栀紫

公开处刑！盘点初音未来那些年被国内音乐裁缝，无耻抄袭了的歌",2023-03-15 16:28
3,"回复

程哥数码

年度最佳串烧",2023-01-18 17:16
3,"回复

紫光一闪以为出货的我

 我靠，高情商",2023-01-18 21:11
回复,"惧物症候群

依托答辨",2023-01-14 16:08
3,"回复

慕歐茶

看前面:都是自己人啊，看中间:我tm还不如看前面[热]",2022-08-25 20:58
3,"回复

旁落住了

开头就/夕阳坂？",2022-08-14 18:14
3,"回复


苦苦的塘

刚想搜就感觉这歌有点不对劲，一搜果真是了不得啊。[给心心][给心心]",2022-08-14 16:35
3,"回复

润锅锅

视频中的女生上哪找",2022-08-11 06:53
3,"回复

喜欢回味特大事故

 韩国",2022-08-17 15:10
回复,"
快醒醒起来吃安眠药啦

这个词。。。",2022-07-30 18:28
3,"回复

米诺斯xing贝

这个作词我是真看不懂，就只要够押韵就行了[辣眼睛]",2022-07-04 21:42
3,"回复

模糊的回忆recall

 有个二创叫 晨阳与雪 ，挺好听",2022-07-05 16:06
回复,"真实伤害QAQ

歌词为了押韵，而押韵",2022-06-27 01:01
3,"回复

宝儿必大败而归

抵制抄袭的音乐",2022-05-24 17:49
3,"回复

沧海有一丶

难怪我第一次听前奏感觉好熟悉。。[辣眼睛]",2022-04-07 02:42
3,"回复


国服第二女巫

这，这是什么唱法，肾虚唱法吗[辣眼睛]",2022-03-24 20:32
3,"回复


并非broccoli

说实话第一次听就感觉听过，但是就是忘了叫啥，过了好久才想起来夕日坂",2022-03-06 02:05
3,"回复

不朽的勋章

幸好不看抖音～",2022-03-06 01:35
3,"回复

晴1562

韩国人在韩国人模仿大赛中获得第二名，第一名是谁我不说[给心心]",2022-02-08 14:01
3,"回复

依玄凉陌

夕日坂，我的夕日坂和勾指起誓[大哭]",2021-08-11 02:37
4,"回复

空恨别梦久

这个mv的女生是谁，好美",2021-03-24 23:42
4,"回复

玄同慈悲

 我也想知道",2022-05-31 22:20
回复,"乾巽辛木卯时

虽然知道这是缝合的但是太上头了",2021-02-07 00:17
4,"回复

加州燕子

不是很懂歌词……",2021-01-30 13:40
4,"回复

阴霾泪痕

奶奶的一整年没过舒服想来听老歌暖暖心情被这帮弹幕恶心了",2025-01-01 01:30
4,"回复

名字全没咯

夕日坂真好听！",2023-02-12 12:15
4,"回复

名字全没咯

 回复 @老婆太多抱不过来 :那肯定的人家白月光抄抄乐嘛[doge]",2023-05-14 19:00
回复,"成_分_复_杂-

 哎呀，果然是夕日坂啊，之前一直看他们发什么白月光什么朱砂痣，还以为我听错了呢[微笑][doge]",2023-04-22 19:15
回复,"格拉斯slz

啊啊啊啊啊啊啊啊啊啊啊啊什么神仙爱情啊真的绝绝子kswl他真的我哭死白月光朱砂痣啊啊啊啊啊啊啊啊啊啊啊啊啊啊啊",2022-07-24 14:21
4,"回复

药_Welc

只要看见说“抄袭初音未来”的基本就可以认定是初音颜粉而且对v家基本没有了解的那种，这里就不把话说太难听了
不同于一般的流行音乐，p主在v家无论地位还是话题度都是很高的，除了那些出圈的歌还有洛天依的歌，底下评论区讨论vocal的人一般都不是太多的，因为没有太多讨论空间
每次看见别人说初音未来被抄袭了都挺无语的，不能说这话是错的，但长此以往，每次抄袭出圈了都没人为p主发声，总归不是个好现象",2024-11-28 10:58
7,"回复

完颜渁厵

 正确的，顶",2024-12-13 20:31
回复,"森____欣向荣

MD，一个抄袭的歌还有这么多赞（甚至收藏比赞多）[大哭]
被抄袭的歌：《夕日坂》初音未来[给心心]（555~公主殿下太憋屈了[大哭]）
这种歌怎么不去s……[生气]哎算了算了，不然又有nao can小鬼粉丝来骂我",2023-08-05 11:18
11,"回复

森____欣向荣

 哦，对了，除了这首还有很多都被这首破歌抄袭了",2023-08-05 11:27
3,"回复

泽晨与阿晟

 回复 @-这里是冰兰- :没办法，抄袭没人管的恶心事见太多了，习惯了，看开了",2023-08-11 10:55
2,"回复
共 23 条回复，

mamiaomaioa

怎么会有这么土的歌？",2021-02-27 14:16
6,"回复

日耀之星

 又土又是音乐裁缝，就很无语[辣眼睛]",2021-03-04 01:34
1,"回复


MIKU丶樱梦

有孩子就行了 你管他是不是你的
好听吧 不废话嘛！ 不好听他抄了干嘛",2021-08-26 04:43
5,"回复
Fyear_

一个二次元网站，有人抄袭二次元，抄袭者反倒被捧，替二次元声援的人反倒被骂[无语]",2022-01-25 22:52
2,"回复

Van维仔

看看我翻唱的《白月与朱砂痣》怎么样?",2022-01-20 13:00
2,"回复

Van维仔

 [脸红]",2022-01-20 13:00
回复,"Van维仔

 [doge][脸红]",2022-01-20 13:00
回复,"Siriius

👎👎👎👎",2022-01-01 19:24
2,"回复

账号已注销

遇到了我的白月光，可惜注定是有缘无分，祝她和他能够永远幸福，感谢你，我的朋友",2021-12-25 01:14
2,"回复

新手上路808

刘东皖，你就是我的朱砂痣",2021-12-13 22:25
2,"回复

QC橙子

也许每一个男子全都有过这样的两个女人，至少两个。娶了红玫瑰，久而久之，红的变成了墙上的一抹蚊子血，白的还是“床前明月光”;娶了白玫瑰，白的便是衣服上沾的饭粘子，红的却是心口的一颗朱砂痣。 ——张爱玲《红玫瑰与白玫瑰》",2021-12-07 22:41
2,"回复

橘猫不是猫_

 得不到的总是最好的，是吧",2021-12-16 23:59
回复,"会不会很让人毛骨悚然

好听，喜欢😘",2021-12-06 17:47
2,"回复

阿沙莫阿

这么热 不洗澡？",2021-12-02 02:20
2,"回复

死亡の纳特亚

缝合怪",2021-11-16 13:56
2,"回复

妮可湖水怪

傻宝",2021-10-26 13:11
2,"回复


观澜鳘鱼

这填词顶多初中生",2021-10-25 21:45
2,"回复

肯德基的德

死人最难超越",2021-10-20 18:38
2,"回复
一般不闹心

先不谈抄不抄，这唱歌功底，也不过关吧？全首歌基本没起伏，就是一个调的读完的，当然你们觉得好那就行。",2021-10-16 21:38
2,"回复

森フ千手

 不知道为啥最近喜欢听这种口水歌",2021-10-23 22:45
回复,"拉屎的时候喜欢吃东西

口水歌，现在在抖音爆火的歌我一般都讨厌[嗑瓜子]",2021-10-14 12:01
2,"回复


观澜鳘鱼

在音乐平台指出抄袭还得被人骂",2021-09-29 23:53
2,"回复

带轩轩找吻文

你虽然成为了我的白月光，但是我发现你却是因为你是想为了前女友赌气才答应了我的表白，没关系啊，我开心啊，为了你，这样又怎样，我爱你啊[委屈][委屈][委屈]",2021-09-25 20:53
2,"回复

鼠鼠被玩坏了

反转了，夕日坂抄袭了白月光与朱砂痣[doge]",2021-09-02 19:50
2,"回复

爱毅男孩

刚刚我的基友说白月光与朱砂痣不好听，老子反手就是一巴掌，然后对他说，你懂什么[doge]",2021-08-31 10:45
2,"回复

素年_1

张爱玲在《红玫瑰与白玫瑰》中写道“也许每一个男子全都有过这样的两个女人，至少两个。娶了红玫瑰，久而久之，红的变了墙上的一抹蚊子血，白的还是""床前明月光""；娶了白玫瑰，白的便是衣服上沾的一粒饭黏子，红的却是心口上一颗朱砂痣。”",2021-08-24 10:25
2,"回复


曦月_Moonlight

哈哈哈评论区没几个说好话的[doge][呲牙][滑稽]",2021-08-12 15:12
2,"回复

狗Johnny

前奏的歌词真的突兀[囧][囧][囧]",2021-08-04 17:37
2,"回复

御伽音イフ-Official

【【抄袭石锤】白月光与朱砂痣和夕日坂左右声道对比（佩戴耳机）-哔哩哔哩】https://b23.tv/NvZ8SM",2021-07-28 13:48
2,"回复

疲倦狗子

爪巴",2021-07-18 11:28
2,"回复


陳獨我

懦夫表白墙",2021-07-08 22:43
2,"回复

丛台王子

裁缝歌",2021-06-26 12:22
2,"回复

Thefirstrun

现在的音乐也就这样吧，过一段时间就凉个差不多了[偷笑]",2021-06-25 15:39
2,"回复

爱弹贝斯的小程

粪音乐",2021-06-17 10:33
2,"回复

睿智的小陳

今天回奶奶家，我奶奶在看开门大吉，然后就听到这玩意了",2021-06-13 20:38
2,"回复

只是个游客啦

可以把致力于原创音乐推广和发行改掉吗？真的不配",2021-06-13 02:23
2,"回复

触小v

抄袭初音的歌就离谱，真恶心",2021-06-11 14:52
2,"回复

最无聊的男人

我怎么感觉没二创的好听[doge][doge][doge]",2021-06-06 17:21
2,"回复


vinco紫薇

就是天王老子来了我也要说夕日坂",2021-06-02 15:11
2,"回复

码头薯条鸽子

说实话这歌词挺土的[doge]",2021-05-29 07:47
2,"回复

太阳和向日葵_

救命真的好难听，我天天被迫被同事洗脑，受不了了",2021-05-26 23:12
2,"回复

逗萝大陆灬

都说是缝合怪，难怪我怎么想调子都是别的曲子。。。",2021-05-26 20:32
2,"回复

Jufen10

老裁缝了",2021-05-20 21:02
2,"回复

ヤンデレピ

好家伙，这个视频的弹幕比许多B站夕日坂视频的点赞数还多。（[脱单doge]",2021-05-17 20:31
2,"回复

Apostlesight

 这可太真实了[辣眼睛]",2021-05-18 02:16
1,"回复

想早点睡觉zzz

哪里都听不到",2021-05-10 19:06
2,"回复

烦烦烦烦烦烦aaaa

酷狗14w评论真的恶心我了[灵魂出窍][辣眼睛]",2021-05-09 06:08
2,"回复

屠猪卖酒之徒

白月光与朱砂痣出自张爱玲的白玫瑰与红玫瑰🌹。",2021-05-01 08:47
2,"回复

GEM_锅里鸭

呸，恶心",2021-04-24 11:23
2,"回复

尘世闲游岩王帝君

现在娱乐圈都快成垃圾箱了，不管是国产音乐还是国产影视",2021-04-18 10:32
2,"回复

294222351

东拼西凑出来：柔和的音乐，煽情的情节，朗朗上口的歌词，再好听那又如何，偷的就是偷的，抄袭就是抄袭，还是抄袭。",2021-04-13 14:53
2,"回复


UP狂魔

有人满眼尽是白月光，浑身长满朱砂痣。",2021-04-12 19:49
2,"回复

lhlihao2

缝合大佬![滑稽]",2021-04-05 08:56
2,"回复


八萬裡丶

再见",2021-04-02 01:25
2,"回复

Mina_tya

抖音裁缝的歌还发mv？？吐了[无语][无语]",2021-04-01 07:08
2,"回复


Marshmal1ow

左眼皮跳跳，好事要来到[吃瓜]",2021-03-31 18:56
